protocol,uterus,weight,EE,ZM,lab,group
A,21,61.9,0,0,Basf,1
A,22,55.9,0,0,Basf,1
A,21,59.1,0,0,Basf,1
A,26,54.8,0,0,Basf,1
A,24,57.5,0,0,Basf,1
A,25,57.6,0,0,Basf,2
A,22,60.3,0,0,Basf,2
A,26,59,0,0,Basf,2
A,24,59.1,0,0,Basf,2
A,22,61.4,0,0,Basf,2
A,24,47.9,0,0,Basf,2
A,24,58.6,0.03,0,Basf,4
A,20,60.2,0.03,0,Basf,4
A,31,62.4,0.03,0,Basf,4
A,30,60.9,0.03,0,Basf,4
A,22,57,0.03,0,Basf,4
A,20,53,0.03,0,Basf,4
A,25,55.2,0.1,0,Basf,5
A,26,52.9,0.1,0,Basf,5
A,30,55.2,0.1,0,Basf,5
A,28,57.3,0.1,0,Basf,5
A,21,52,0.1,0,Basf,5
A,25,56.8,0.1,0,Basf,5
A,25,61.3,0.3,0,Basf,6
A,25,61.2,0.3,0,Basf,6
A,22,56.4,0.3,0,Basf,6
A,21,58.8,0.3,0,Basf,6
A,20,55.6,0.3,0,Basf,6
A,20,54.5,0.3,0,Basf,6
A,25,57.1,1,0,Basf,7
A,30,61.8,1,0,Basf,7
A,33,60.8,1,0,Basf,7
A,29,55,1,0,Basf,7
A,25,59,1,0,Basf,7
A,28,55.7,1,0,Basf,7
A,79,54.5,3,0,Basf,8
A,99,58.5,3,0,Basf,8
A,95,55.7,3,0,Basf,8
A,89,55.7,3,0,Basf,8
A,96,57.1,3,0,Basf,8
A,97,53.9,3,0,Basf,8
A,109,53.8,10,0,Basf,9
A,113,52.9,10,0,Basf,9
A,97,54.7,10,0,Basf,9
A,117,55.1,10,0,Basf,9
A,90,52.9,10,0,Basf,9
A,126,56.3,10,0,Basf,9
A,47,56.6,3,0.1,Basf,10
A,52,61.7,3,0.1,Basf,10
A,49,57.3,3,0.1,Basf,10
A,36,54.2,3,0.1,Basf,10
A,60,55.3,3,0.1,Basf,10
A,46,56.4,3,0.1,Basf,10
A,21,59.6,3,1,Basf,11
A,21,51.1,3,1,Basf,11
A,27,52,3,1,Basf,11
A,29,59,3,1,Basf,11
A,27,58.7,3,1,Basf,11
A,19,53,3,1,Basf,11
A,49,41,0,0,Bayer,1
A,32,41,0,0,Bayer,1
A,31,37,0,0,Bayer,1
A,26,45,0,0,Bayer,1
A,33,38,0,0,Bayer,1
A,44,40.5,0,0,Bayer,1
A,34,38.4,0,0,Bayer,2
A,32,42.4,0,0,Bayer,2
A,40,46.1,0,0,Bayer,2
A,43,47.6,0,0,Bayer,2
A,33,39.2,0,0,Bayer,2
A,27,41.9,0,0,Bayer,2
A,41,40.1,0.1,0,Bayer,5
A,41,39.7,0.1,0,Bayer,5
A,36,42,0.1,0,Bayer,5
A,35,40.5,0.1,0,Bayer,5
A,31,37,0.1,0,Bayer,5
A,32,41.5,0.1,0,Bayer,5
A,32,38.9,0.3,0,Bayer,6
A,26,36.1,0.3,0,Bayer,6
A,29,41.8,0.3,0,Bayer,6
A,42,43.7,0.3,0,Bayer,6
A,32,36,0.3,0,Bayer,6
A,36,40.4,0.3,0,Bayer,6
A,45,38.4,1,0,Bayer,7
A,39,38.3,1,0,Bayer,7
A,43,41.4,1,0,Bayer,7
A,45,45.4,1,0,Bayer,7
A,36,27.7,1,0,Bayer,7
A,46,36.6,1,0,Bayer,7
A,80,39.6,3,0,Bayer,8
A,75,38.3,3,0,Bayer,8
A,78,38.5,3,0,Bayer,8
A,72,34.2,3,0,Bayer,8
A,71,39.7,3,0,Bayer,8
A,81,42.1,3,0,Bayer,8
A,136,44.4,10,0,Bayer,9
A,116,37.3,10,0,Bayer,9
A,136,40.3,10,0,Bayer,9
A,125,34.9,10,0,Bayer,9
A,150,45.4,10,0,Bayer,9
A,143,46.2,10,0,Bayer,9
A,63,46.1,3,0.1,Bayer,10
A,60,43.1,3,0.1,Bayer,10
A,99,45.8,3,0.1,Bayer,10
A,95,38.5,3,0.1,Bayer,10
A,81,37,3,0.1,Bayer,10
A,101,45.4,3,0.1,Bayer,10
A,38,41.9,3,1,Bayer,11
A,36,35,3,1,Bayer,11
A,39,39.1,3,1,Bayer,11
A,40,34.6,3,1,Bayer,11
A,42,40.8,3,1,Bayer,11
A,48,42.2,3,1,Bayer,11
A,17.2,31.9,0,0,Berlin,1
A,20.5,31.1,0,0,Berlin,1
A,20.1,32.9,0,0,Berlin,1
A,16.5,31.6,0,0,Berlin,1
A,15.9,33.2,0,0,Berlin,1
A,26.1,30.6,0,0,Berlin,1
A,25.9,34.5,0,0,Berlin,2
A,42.5,32.6,0,0,Berlin,2
A,34.6,32.7,0,0,Berlin,2
A,44.1,34.2,0,0,Berlin,2
A,28.4,31.1,0,0,Berlin,2
A,20.3,33,0,0,Berlin,2
A,37.5,34.1,0.01,0,Berlin,3
A,32.1,35.7,0.01,0,Berlin,3
A,20.7,32.2,0.01,0,Berlin,3
A,30.9,35.9,0.01,0,Berlin,3
A,20,35.8,0.01,0,Berlin,3
A,21.4,32.8,0.01,0,Berlin,3
A,29.3,34.9,0.03,0,Berlin,4
A,26.8,33,0.03,0,Berlin,4
A,43.2,30.1,0.03,0,Berlin,4
A,37.1,31.4,0.03,0,Berlin,4
A,25.7,35,0.03,0,Berlin,4
A,18,34.2,0.03,0,Berlin,4
A,35.4,36.7,0.1,0,Berlin,5
A,26.8,36.8,0.1,0,Berlin,5
A,23.5,39.5,0.1,0,Berlin,5
A,25.1,34.5,0.1,0,Berlin,5
A,23.8,31.2,0.1,0,Berlin,5
A,22.6,31,0.1,0,Berlin,5
A,74.6,32.7,0.3,0,Berlin,6
A,32.8,33,0.3,0,Berlin,6
A,49.4,36.4,0.3,0,Berlin,6
A,27.6,30.3,0.3,0,Berlin,6
A,26.1,41.8,0.3,0,Berlin,6
A,33.5,35.9,0.3,0,Berlin,6
A,57.1,30.8,1,0,Berlin,7
A,97.9,29.9,1,0,Berlin,7
A,65.3,30.9,1,0,Berlin,7
A,76.8,36,1,0,Berlin,7
A,81,36,1,0,Berlin,7
A,104.7,34.7,1,0,Berlin,7
A,132.8,30.4,3,0,Berlin,8
A,134.8,31,3,0,Berlin,8
A,127.3,36.6,3,0,Berlin,8
A,126.1,34.3,3,0,Berlin,8
A,127.8,32.8,3,0,Berlin,8
A,140.7,33.9,3,0,Berlin,8
A,100.2,33.9,10,0,Berlin,9
A,132.5,36.3,10,0,Berlin,9
A,119.8,39,10,0,Berlin,9
A,143.7,36.6,10,0,Berlin,9
A,94.5,39.6,10,0,Berlin,9
A,117.7,37.8,10,0,Berlin,9
A,121.5,35.4,3,0.1,Berlin,10
A,89.5,33,3,0.1,Berlin,10
A,116.8,33.5,3,0.1,Berlin,10
A,123.5,33.9,3,0.1,Berlin,10
A,128.4,33.8,3,0.1,Berlin,10
A,111,34,3,0.1,Berlin,10
A,48.1,31.4,3,1,Berlin,11
A,74.2,33,3,1,Berlin,11
A,60,35.1,3,1,Berlin,11
A,88.3,35.9,3,1,Berlin,11
A,47.9,31.9,3,1,Berlin,11
A,47.1,34,3,1,Berlin,11
A,62,54.3,0,0,ChungKor,1
A,39.6,47.3,0,0,ChungKor,1
A,33.6,50.1,0,0,ChungKor,1
A,30.2,47.3,0,0,ChungKor,1
A,38.2,43.5,0,0,ChungKor,1
A,60.8,50.7,0,0,ChungKor,1
A,45,50.4,0,0,ChungKor,2
A,52.7,45.2,0,0,ChungKor,2
A,32.6,49.7,0,0,ChungKor,2
A,39.5,57.7,0,0,ChungKor,2
A,24.7,38.7,0,0,ChungKor,2
A,59.1,54.9,0,0,ChungKor,2
A,34,46.1,0.01,0,ChungKor,3
A,29,46.9,0.01,0,ChungKor,3
A,25.4,40.3,0.01,0,ChungKor,3
A,56.2,54.6,0.01,0,ChungKor,3
A,31.3,45.4,0.01,0,ChungKor,3
A,57.1,52.9,0.01,0,ChungKor,3
A,37.2,50.8,0.03,0,ChungKor,4
A,29,45.6,0.03,0,ChungKor,4
A,35.8,52.8,0.03,0,ChungKor,4
A,42.8,46.5,0.03,0,ChungKor,4
A,53.3,55.3,0.03,0,ChungKor,4
A,34.3,43.4,0.03,0,ChungKor,4
A,57.9,49.7,0.1,0,ChungKor,5
A,68.5,49.5,0.1,0,ChungKor,5
A,49,48.9,0.1,0,ChungKor,5
A,34.7,47.4,0.1,0,ChungKor,5
A,64.7,56.4,0.1,0,ChungKor,5
A,59.5,50.6,0.1,0,ChungKor,5
A,57.3,47.4,0.3,0,ChungKor,6
A,54.8,45.2,0.3,0,ChungKor,6
A,56.5,57,0.3,0,ChungKor,6
A,49.9,44.1,0.3,0,ChungKor,6
A,51.3,43.6,0.3,0,ChungKor,6
A,61.8,44.2,0.3,0,ChungKor,6
A,79.4,52.7,1,0,ChungKor,7
A,62,51.2,1,0,ChungKor,7
A,73.4,45.8,1,0,ChungKor,7
A,83.3,44.8,1,0,ChungKor,7
A,81,48.8,1,0,ChungKor,7
A,70.4,42.2,1,0,ChungKor,7
A,117.4,54.4,3,0,ChungKor,8
A,127.7,49.1,3,0,ChungKor,8
A,129.2,55.3,3,0,ChungKor,8
A,163.6,51.3,3,0,ChungKor,8
A,89.7,52.8,3,0,ChungKor,8
A,91.4,47.4,3,0,ChungKor,8
A,139.4,46,10,0,ChungKor,9
A,116.4,47.6,10,0,ChungKor,9
A,106.9,43.6,10,0,ChungKor,9
A,132,48.7,10,0,ChungKor,9
A,97.8,54,10,0,ChungKor,9
A,132.8,45.1,10,0,ChungKor,9
A,127.5,50.2,3,0.1,ChungKor,10
A,124.5,43.4,3,0.1,ChungKor,10
A,141.4,48.2,3,0.1,ChungKor,10
A,108,40.2,3,0.1,ChungKor,10
A,112.4,50.6,3,0.1,ChungKor,10
A,104.7,56.9,3,0.1,ChungKor,10
A,96.6,48.6,3,1,ChungKor,11
A,97.5,51.6,3,1,ChungKor,11
A,68,36,3,1,ChungKor,11
A,80.3,48.2,3,1,ChungKor,11
A,85.8,53.4,3,1,ChungKor,11
A,75.3,51.3,3,1,ChungKor,11
B,31.6,45.3,0,0,ChungKor,1
B,27.9,43.8,0,0,ChungKor,1
B,31.7,47.6,0,0,ChungKor,1
B,20.7,44.3,0,0,ChungKor,1
B,41.1,51.7,0,0,ChungKor,1
B,35.3,52.2,0,0,ChungKor,1
B,45.7,47.2,0,0,ChungKor,2
B,38.6,45,0,0,ChungKor,2
B,29.5,46.4,0,0,ChungKor,2
B,37.3,48.7,0,0,ChungKor,2
B,30.1,47.2,0,0,ChungKor,2
B,33.4,53.5,0,0,ChungKor,2
B,23,40.3,0.01,0,ChungKor,3
B,25.5,44.9,0.01,0,ChungKor,3
B,31.1,48.5,0.01,0,ChungKor,3
B,52.2,40.7,0.01,0,ChungKor,3
B,32.8,50.3,0.01,0,ChungKor,3
B,36.1,49.5,0.01,0,ChungKor,3
B,44.1,41.9,0.03,0,ChungKor,4
B,44.9,47.9,0.03,0,ChungKor,4
B,57.6,46.6,0.03,0,ChungKor,4
B,46,49.5,0.03,0,ChungKor,4
B,64.7,55.2,0.03,0,ChungKor,4
B,48.4,46.8,0.03,0,ChungKor,4
B,65.2,42.7,0.1,0,ChungKor,5
B,91.2,49.9,0.1,0,ChungKor,5
B,69.6,40.9,0.1,0,ChungKor,5
B,71.3,44.5,0.1,0,ChungKor,5
B,106.4,52.8,0.1,0,ChungKor,5
B,102.1,53.1,0.1,0,ChungKor,5
B,124.8,44.4,0.3,0,ChungKor,6
B,107.8,41.3,0.3,0,ChungKor,6
B,128.9,45.1,0.3,0,ChungKor,6
B,82.5,37.7,0.3,0,ChungKor,6
B,86.4,51.4,0.3,0,ChungKor,6
B,151.6,56.6,0.3,0,ChungKor,6
B,135.2,44.2,1,0,ChungKor,7
B,143.1,45.2,1,0,ChungKor,7
B,109.3,41.8,1,0,ChungKor,7
B,155.8,47.4,1,0,ChungKor,7
B,158.2,53.1,1,0,ChungKor,7
B,118,49.4,1,0,ChungKor,7
B,123,41.7,3,0,ChungKor,8
B,119,41.3,3,0,ChungKor,8
B,173.5,48.5,3,0,ChungKor,8
B,138.8,46.9,3,0,ChungKor,8
B,142.4,52.1,3,0,ChungKor,8
B,154.3,49.2,3,0,ChungKor,8
B,113.7,42.6,10,0,ChungKor,9
B,120.9,43.4,10,0,ChungKor,9
B,115.4,47.8,10,0,ChungKor,9
B,82.5,36.5,10,0,ChungKor,9
B,130.1,50.9,10,0,ChungKor,9
B,145.8,52,10,0,ChungKor,9
B,93.4,43.4,3,0.1,ChungKor,10
B,64.7,46.4,3,0.1,ChungKor,10
B,121.8,52.7,3,0.1,ChungKor,10
B,89.1,41.6,3,0.1,ChungKor,10
B,134.6,51.8,3,0.1,ChungKor,10
B,141.7,54.1,3,0.1,ChungKor,10
B,48.4,43.2,3,1,ChungKor,11
B,50.1,42,3,1,ChungKor,11
B,55.7,43.6,3,1,ChungKor,11
B,49.8,38.7,3,1,ChungKor,11
B,55.4,54.3,3,1,ChungKor,11
B,55.6,49.3,3,1,ChungKor,11
A,39,55.7,0,0,Citfranc,1
A,47.87,52,0,0,Citfranc,1
A,38.67,57.4,0,0,Citfranc,1
A,61.34,58.5,0,0,Citfranc,1
A,42.74,60.7,0,0,Citfranc,1
A,41.1,63.7,0,0,Citfranc,1
A,38.7,50.2,0,0,Citfranc,2
A,41.53,51.7,0,0,Citfranc,2
A,36.99,53.7,0,0,Citfranc,2
A,34.4,56,0,0,Citfranc,2
A,39.02,59,0,0,Citfranc,2
A,56.66,60.3,0,0,Citfranc,2
A,37.04,44.1,0.01,0,Citfranc,3
A,33.59,53,0.01,0,Citfranc,3
A,32.75,51,0.01,0,Citfranc,3
A,42.3,61.4,0.01,0,Citfranc,3
A,41.42,60.6,0.01,0,Citfranc,3
A,49.24,64.4,0.01,0,Citfranc,3
A,38.39,49,0.03,0,Citfranc,4
A,46.16,52.6,0.03,0,Citfranc,4
A,32.91,56,0.03,0,Citfranc,4
A,56.41,59.6,0.03,0,Citfranc,4
A,45.44,64,0.03,0,Citfranc,4
A,59,62.9,0.03,0,Citfranc,4
A,31.88,50.4,0.1,0,Citfranc,5
A,35.88,51.1,0.1,0,Citfranc,5
A,46.27,54.8,0.1,0,Citfranc,5
A,51.77,59.4,0.1,0,Citfranc,5
A,35.12,63.8,0.1,0,Citfranc,5
A,46.02,60.6,0.1,0,Citfranc,5
A,33.11,49.1,0.3,0,Citfranc,6
A,35.19,48.6,0.3,0,Citfranc,6
A,31.69,53.6,0.3,0,Citfranc,6
A,67.2,60.6,0.3,0,Citfranc,6
A,52.75,62.4,0.3,0,Citfranc,6
A,58.4,62.5,0.3,0,Citfranc,6
A,60.99,48.7,1,0,Citfranc,7
A,70,54,1,0,Citfranc,7
A,61.97,55.4,1,0,Citfranc,7
A,70.16,57.7,1,0,Citfranc,7
A,60.04,63,1,0,Citfranc,7
A,57.54,58.8,1,0,Citfranc,7
A,91.32,44.3,3,0,Citfranc,8
A,98.39,52.5,3,0,Citfranc,8
A,119.5,51.1,3,0,Citfranc,8
A,92.73,56.6,3,0,Citfranc,8
A,112.54,57.7,3,0,Citfranc,8
A,90.2,62.1,3,0,Citfranc,8
A,126.1,46.6,10,0,Citfranc,9
A,158.8,53.8,10,0,Citfranc,9
A,144.09,55.4,10,0,Citfranc,9
A,140.6,56.9,10,0,Citfranc,9
A,115.95,60.8,10,0,Citfranc,9
A,160.71,60.6,10,0,Citfranc,9
A,102.75,48.3,3,0.1,Citfranc,10
A,92.83,54.7,3,0.1,Citfranc,10
A,72.13,52,3,0.1,Citfranc,10
A,66.41,58.9,3,0.1,Citfranc,10
A,99.7,59,3,0.1,Citfranc,10
A,88.02,66.7,3,0.1,Citfranc,10
A,43.95,47,3,1,Citfranc,11
A,43.07,50.7,3,1,Citfranc,11
A,37.58,53,3,1,Citfranc,11
A,55.45,58.3,3,1,Citfranc,11
A,41.9,55.6,3,1,Citfranc,11
A,48.67,62.9,3,1,Citfranc,11
A,40.2,51.4,0,0,Citijapa,1
A,42.8,51.9,0,0,Citijapa,1
A,36.3,56.1,0,0,Citijapa,1
A,41.7,50.9,0,0,Citijapa,1
A,40.2,53.6,0,0,Citijapa,1
A,28.8,50.9,0,0,Citijapa,1
A,28.7,46.7,0,0,Citijapa,2
A,35,51.8,0,0,Citijapa,2
A,31.5,51.4,0,0,Citijapa,2
A,35.9,55.1,0,0,Citijapa,2
A,40.8,52.6,0,0,Citijapa,2
A,33.8,52.2,0,0,Citijapa,2
A,32.8,46.9,0.01,0,Citijapa,3
A,35.8,53.4,0.01,0,Citijapa,3
A,39,51.6,0.01,0,Citijapa,3
A,23.5,40.6,0.01,0,Citijapa,3
A,45.3,51.7,0.01,0,Citijapa,3
A,36.3,55.5,0.01,0,Citijapa,3
A,32.7,51.6,0.03,0,Citijapa,4
A,26.8,55.1,0.03,0,Citijapa,4
A,35.5,48.7,0.03,0,Citijapa,4
A,34,49.6,0.03,0,Citijapa,4
A,31.8,53.1,0.03,0,Citijapa,4
A,30.5,50.6,0.03,0,Citijapa,4
A,36.8,49.1,0.1,0,Citijapa,5
A,33.8,50,0.1,0,Citijapa,5
A,33.2,49.5,0.1,0,Citijapa,5
A,38.6,56.7,0.1,0,Citijapa,5
A,31.4,48.8,0.1,0,Citijapa,5
A,36.3,55.1,0.1,0,Citijapa,5
A,35.9,55.3,0.3,0,Citijapa,6
A,27,46.5,0.3,0,Citijapa,6
A,39.3,53.3,0.3,0,Citijapa,6
A,35,54.9,0.3,0,Citijapa,6
A,33.8,54,0.3,0,Citijapa,6
A,41,53,0.3,0,Citijapa,6
A,57.9,48.8,1,0,Citijapa,7
A,60.4,50,1,0,Citijapa,7
A,47.7,51.1,1,0,Citijapa,7
A,70.9,51,1,0,Citijapa,7
A,47.7,54.7,1,0,Citijapa,7
A,43.9,53.9,1,0,Citijapa,7
A,98.7,52.6,3,0,Citijapa,8
A,109,54.2,3,0,Citijapa,8
A,103.9,46.2,3,0,Citijapa,8
A,90.8,51.8,3,0,Citijapa,8
A,123.2,48.7,3,0,Citijapa,8
A,89.6,53.1,3,0,Citijapa,8
A,137.8,50.6,10,0,Citijapa,9
A,142.9,49.9,10,0,Citijapa,9
A,138.8,51.9,10,0,Citijapa,9
A,109.1,48.9,10,0,Citijapa,9
A,143.1,54.4,10,0,Citijapa,9
A,129.2,55.1,10,0,Citijapa,9
A,120.7,53.3,3,0.1,Citijapa,10
A,78.9,47.3,3,0.1,Citijapa,10
A,91.5,48.7,3,0.1,Citijapa,10
A,108.8,48,3,0.1,Citijapa,10
A,106.1,53.3,3,0.1,Citijapa,10
A,72,52.2,3,0.1,Citijapa,10
A,57.1,52.6,3,1,Citijapa,11
A,53.8,50.8,3,1,Citijapa,11
A,47.4,59.3,3,1,Citijapa,11
A,43.3,49.2,3,1,Citijapa,11
A,43.5,50.1,3,1,Citijapa,11
A,41.5,47.3,3,1,Citijapa,11
B,32.6,53,0,0,Citijapa,1
B,26.9,47.9,0,0,Citijapa,1
B,37.6,53.3,0,0,Citijapa,1
B,25.4,44.7,0,0,Citijapa,1
B,33.6,57.9,0,0,Citijapa,1
B,26.2,49.7,0,0,Citijapa,1
B,36.4,56.3,0,0,Citijapa,2
B,29.6,49.4,0,0,Citijapa,2
B,27.9,49,0,0,Citijapa,2
B,36.7,52.9,0,0,Citijapa,2
B,28.3,56.8,0,0,Citijapa,2
B,31.2,53.2,0,0,Citijapa,2
B,28.1,52,0.01,0,Citijapa,3
B,27.8,45.5,0.01,0,Citijapa,3
B,34.6,53.9,0.01,0,Citijapa,3
B,33,49.8,0.01,0,Citijapa,3
B,29.7,53.1,0.01,0,Citijapa,3
B,34.4,52.4,0.01,0,Citijapa,3
B,29.2,55.2,0.03,0,Citijapa,4
B,30.9,52.9,0.03,0,Citijapa,4
B,25.8,50.4,0.03,0,Citijapa,4
B,32.9,51.7,0.03,0,Citijapa,4
B,32.2,51.9,0.03,0,Citijapa,4
B,28.9,54.3,0.03,0,Citijapa,4
B,34.4,49,0.1,0,Citijapa,5
B,29.8,45.8,0.1,0,Citijapa,5
B,38.5,50.3,0.1,0,Citijapa,5
B,34.3,58,0.1,0,Citijapa,5
B,31.1,54.8,0.1,0,Citijapa,5
B,30.8,56.2,0.1,0,Citijapa,5
B,43.8,53.7,0.3,0,Citijapa,6
B,40.5,55.2,0.3,0,Citijapa,6
B,44,47.8,0.3,0,Citijapa,6
B,69.1,47.9,0.3,0,Citijapa,6
B,62.8,56.5,0.3,0,Citijapa,6
B,73.9,48.3,0.3,0,Citijapa,6
B,105.9,45.3,1,0,Citijapa,7
B,130.8,54.2,1,0,Citijapa,7
B,134.4,51.5,1,0,Citijapa,7
B,139.4,53,1,0,Citijapa,7
B,114.8,50.8,1,0,Citijapa,7
B,164.7,50.9,1,0,Citijapa,7
B,166.1,53.7,3,0,Citijapa,8
B,150,49.2,3,0,Citijapa,8
B,117.8,50.2,3,0,Citijapa,8
B,163.7,50.3,3,0,Citijapa,8
B,163.5,54,3,0,Citijapa,8
B,139.2,51.3,3,0,Citijapa,8
B,136.6,51,10,0,Citijapa,9
B,162.2,52.4,10,0,Citijapa,9
B,137.8,48.1,10,0,Citijapa,9
B,139.8,47.9,10,0,Citijapa,9
B,163.6,50.6,10,0,Citijapa,9
B,140,54.2,10,0,Citijapa,9
B,47,54.7,3,0.1,Citijapa,10
B,53.1,51.2,3,0.1,Citijapa,10
B,47.7,49.5,3,0.1,Citijapa,10
B,55.7,54.1,3,0.1,Citijapa,10
B,58,53.2,3,0.1,Citijapa,10
B,22.4,52.8,3,0.1,Citijapa,10
B,23,45.7,3,1,Citijapa,11
B,25.4,49.1,3,1,Citijapa,11
B,23.7,53.6,3,1,Citijapa,11
B,26.6,53.7,3,1,Citijapa,11
B,24.2,56.1,3,1,Citijapa,11
B,29.2,50.8,3,1,Citijapa,11
C,147.1,231.7,0,0,Citijapa,1
C,102,229.2,0,0,Citijapa,1
C,91.9,216.6,0,0,Citijapa,1
C,129.2,210.7,0,0,Citijapa,1
C,133,220.3,0,0,Citijapa,1
C,108.9,225.6,0,0,Citijapa,1
C,97.4,204.6,0,0,Citijapa,2
C,100.9,216,0,0,Citijapa,2
C,112.8,224.7,0,0,Citijapa,2
C,93.1,232.6,0,0,Citijapa,2
C,123.4,222.2,0,0,Citijapa,2
C,123.2,244,0,0,Citijapa,2
C,105.2,233.5,0.01,0,Citijapa,3
C,107.2,227,0.01,0,Citijapa,3
C,127.3,224.3,0.01,0,Citijapa,3
C,89.3,236.1,0.01,0,Citijapa,3
C,129.5,216.2,0.01,0,Citijapa,3
C,108.4,210.3,0.01,0,Citijapa,3
C,87.8,228.8,0.03,0,Citijapa,4
C,101.4,217.9,0.03,0,Citijapa,4
C,123.8,207.6,0.03,0,Citijapa,4
C,125,234.8,0.03,0,Citijapa,4
C,109.2,220.5,0.03,0,Citijapa,4
C,139.8,218.3,0.03,0,Citijapa,4
C,137.9,222.6,0.1,0,Citijapa,5
C,142.1,208.2,0.1,0,Citijapa,5
C,115.3,221.3,0.1,0,Citijapa,5
C,96.2,212.4,0.1,0,Citijapa,5
C,121.9,224.6,0.1,0,Citijapa,5
C,128.2,216.3,0.1,0,Citijapa,5
C,200.5,229.6,0.3,0,Citijapa,6
C,262.7,214.2,0.3,0,Citijapa,6
C,208.5,227.2,0.3,0,Citijapa,6
C,210.7,205.5,0.3,0,Citijapa,6
C,198.1,214.9,0.3,0,Citijapa,6
C,187.7,226,0.3,0,Citijapa,6
C,394.2,213.6,1,0,Citijapa,7
C,331.7,203.4,1,0,Citijapa,7
C,384.4,211.6,1,0,Citijapa,7
C,283.6,211.6,1,0,Citijapa,7
C,340.9,223.9,1,0,Citijapa,7
C,410.6,202,1,0,Citijapa,7
C,314.5,198.6,3,0,Citijapa,8
C,389.8,201.3,3,0,Citijapa,8
C,312.4,210.1,3,0,Citijapa,8
C,357.7,200.4,3,0,Citijapa,8
C,358.4,213,3,0,Citijapa,8
C,390.1,204.5,3,0,Citijapa,8
C,404.6,199.7,10,0,Citijapa,9
C,350.9,206.4,10,0,Citijapa,9
C,407.4,194.1,10,0,Citijapa,9
C,350.7,201.2,10,0,Citijapa,9
C,293.7,193.7,10,0,Citijapa,9
C,365,206.2,10,0,Citijapa,9
C,184.3,214.4,3,0.1,Citijapa,10
C,232.8,212.2,3,0.1,Citijapa,10
C,176.1,206.8,3,0.1,Citijapa,10
C,212.6,213.8,3,0.1,Citijapa,10
C,219.3,198.3,3,0.1,Citijapa,10
C,216.1,237,3,0.1,Citijapa,10
C,119,196.9,3,1,Citijapa,11
C,129.3,220.1,3,1,Citijapa,11
C,110.3,212.9,3,1,Citijapa,11
C,118.9,212.2,3,1,Citijapa,11
C,140.6,213.8,3,1,Citijapa,11
C,142.7,221.7,3,1,Citijapa,11
B,33.8,51.8,0,0,Denmark,1
B,34.8,49.1,0,0,Denmark,1
B,29.7,54.8,0,0,Denmark,1
B,28.9,51.2,0,0,Denmark,1
B,26.6,41.6,0,0,Denmark,1
B,24.1,51.9,0,0,Denmark,1
B,29,53.2,0,0,Denmark,2
B,31.4,48.8,0,0,Denmark,2
B,38.4,49.2,0,0,Denmark,2
B,28.9,48.1,0,0,Denmark,2
B,29.5,46.4,0,0,Denmark,2
B,24.7,47.6,0,0,Denmark,2
B,35.7,52.7,0.01,0,Denmark,3
B,33,50.8,0.01,0,Denmark,3
B,31.6,50.9,0.01,0,Denmark,3
B,22.1,44.8,0.01,0,Denmark,3
B,30.2,47.3,0.01,0,Denmark,3
B,32,46.6,0.01,0,Denmark,3
B,28.1,49.2,0.03,0,Denmark,4
B,34.6,49.9,0.03,0,Denmark,4
B,36,50.4,0.03,0,Denmark,4
B,30,45.3,0.03,0,Denmark,4
B,28.8,43.6,0.03,0,Denmark,4
B,25.7,48.8,0.03,0,Denmark,4
B,42.3,50.1,0.1,0,Denmark,5
B,31.9,46.6,0.1,0,Denmark,5
B,38.9,50.8,0.1,0,Denmark,5
B,28.5,44.7,0.1,0,Denmark,5
B,35.5,41.7,0.1,0,Denmark,5
B,31,50.4,0.1,0,Denmark,5
B,106.6,47.5,0.3,0,Denmark,6
B,100.2,45.1,0.3,0,Denmark,6
B,77,56.8,0.3,0,Denmark,6
B,66.5,48,0.3,0,Denmark,6
B,89.9,53.6,0.3,0,Denmark,6
B,108.9,44,0.3,0,Denmark,6
B,118.6,46.9,1,0,Denmark,7
B,170.1,53.8,1,0,Denmark,7
B,145.3,47.5,1,0,Denmark,7
B,136.2,41.5,1,0,Denmark,7
B,120.7,43.9,1,0,Denmark,7
B,107,40.3,1,0,Denmark,7
B,149.2,50,3,0,Denmark,8
B,162,57.2,3,0,Denmark,8
B,153.5,50,3,0,Denmark,8
B,134.8,45.7,3,0,Denmark,8
B,129,46.6,3,0,Denmark,8
B,126.7,45.2,3,0,Denmark,8
B,145.7,44.7,10,0,Denmark,9
B,116.8,45.6,10,0,Denmark,9
B,129,49.4,10,0,Denmark,9
B,144.4,48.3,10,0,Denmark,9
B,124.4,48.2,10,0,Denmark,9
B,123.3,43.2,10,0,Denmark,9
B,72,49.2,3,0.1,Denmark,10
B,64,49.3,3,0.1,Denmark,10
B,61.5,50.5,3,0.1,Denmark,10
B,61.6,45.4,3,0.1,Denmark,10
B,56.5,52.2,3,0.1,Denmark,10
B,46.6,48.1,3,0.1,Denmark,10
B,30.2,48.9,3,1,Denmark,11
B,30.1,48.3,3,1,Denmark,11
B,29,44.4,3,1,Denmark,11
B,26,46.5,3,1,Denmark,11
B,22.6,53.7,3,1,Denmark,11
B,32,46.9,3,1,Denmark,11
A,38.4,50.8,0,0,Exxon,2
A,32.1,51.4,0,0,Exxon,2
A,44.4,55.7,0,0,Exxon,2
A,42.1,54.4,0,0,Exxon,2
A,27,57.1,0,0,Exxon,2
A,48.7,62,0,0,Exxon,2
A,72.5,51.7,0.01,0,Exxon,3
A,39.5,53.5,0.01,0,Exxon,3
A,47.8,55.6,0.01,0,Exxon,3
A,39.6,56.1,0.01,0,Exxon,3
A,37,60.9,0.01,0,Exxon,3
A,38.7,57,0.01,0,Exxon,3
A,43.5,55.9,0.03,0,Exxon,4
A,45.9,51.6,0.03,0,Exxon,4
A,33,56.9,0.03,0,Exxon,4
A,43,59,0.03,0,Exxon,4
A,37.8,56.4,0.03,0,Exxon,4
A,40.9,63.7,0.03,0,Exxon,4
A,48,52.5,0.1,0,Exxon,5
A,34.2,53.1,0.1,0,Exxon,5
A,35.2,54.1,0.1,0,Exxon,5
A,41.4,57.7,0.1,0,Exxon,5
A,48.5,58.1,0.1,0,Exxon,5
A,40.5,64.5,0.1,0,Exxon,5
A,56.6,53,0.3,0,Exxon,6
A,48.7,56.3,0.3,0,Exxon,6
A,65.1,55.4,0.3,0,Exxon,6
A,33.7,53.7,0.3,0,Exxon,6
A,35.4,58.4,0.3,0,Exxon,6
A,43.2,60.4,0.3,0,Exxon,6
A,45.9,52,1,0,Exxon,7
A,61.2,56.9,1,0,Exxon,7
A,65,55.9,1,0,Exxon,7
A,65.5,58.7,1,0,Exxon,7
A,45.2,55.6,1,0,Exxon,7
A,51.7,61,1,0,Exxon,7
A,68.8,54.2,3,0,Exxon,8
A,127,54.5,3,0,Exxon,8
A,129.9,54.9,3,0,Exxon,8
A,114.2,60.7,3,0,Exxon,8
A,131.6,62.6,3,0,Exxon,8
A,111.6,60.8,3,0,Exxon,8
A,137.6,50,10,0,Exxon,9
A,132.5,55,10,0,Exxon,9
A,142.4,52,10,0,Exxon,9
A,147.4,57.9,10,0,Exxon,9
A,150.4,55.9,10,0,Exxon,9
A,124.3,60.5,10,0,Exxon,9
A,109.2,51.3,3,0.1,Exxon,10
A,106.4,51.5,3,0.1,Exxon,10
A,99.8,58,3,0.1,Exxon,10
A,94.9,57.8,3,0.1,Exxon,10
A,80.6,56.5,3,0.1,Exxon,10
A,63.5,58,3,0.1,Exxon,10
A,46.7,51.8,3,1,Exxon,11
A,49.4,52.7,3,1,Exxon,11
A,30.7,55.1,3,1,Exxon,11
A,39.2,56.2,3,1,Exxon,11
A,32.7,58,3,1,Exxon,11
A,40.8,58.3,3,1,Exxon,11
A,33.5,53.7,0,0,Hatano,1
A,30.1,51.8,0,0,Hatano,1
A,31.1,57.2,0,0,Hatano,1
A,29.1,54.2,0,0,Hatano,1
A,23.9,56.2,0,0,Hatano,1
A,32.3,56.2,0,0,Hatano,1
A,25.7,50.9,0,0,Hatano,2
A,33.3,58.6,0,0,Hatano,2
A,26.5,53.2,0,0,Hatano,2
A,26.1,50.1,0,0,Hatano,2
A,28.6,55.1,0,0,Hatano,2
A,31.3,59,0,0,Hatano,2
A,28.7,54,0.01,0,Hatano,3
A,28,55.3,0.01,0,Hatano,3
A,26.4,57.7,0.01,0,Hatano,3
A,23.6,51.8,0.01,0,Hatano,3
A,30.8,55.9,0.01,0,Hatano,3
A,25.3,54.4,0.01,0,Hatano,3
A,28.2,57.5,0.03,0,Hatano,4
A,31.5,58.8,0.03,0,Hatano,4
A,28,58,0.03,0,Hatano,4
A,23.1,50.9,0.03,0,Hatano,4
A,29.9,50.3,0.03,0,Hatano,4
A,29.2,54.5,0.03,0,Hatano,4
A,33.7,54.6,0.1,0,Hatano,5
A,27.2,55.3,0.1,0,Hatano,5
A,26.4,50.8,0.1,0,Hatano,5
A,25.5,53.8,0.1,0,Hatano,5
A,31.1,58.4,0.1,0,Hatano,5
A,33.5,53,0.1,0,Hatano,5
A,30.6,57.7,0.3,0,Hatano,6
A,31.6,55.2,0.3,0,Hatano,6
A,26.9,58.9,0.3,0,Hatano,6
A,27.4,54,0.3,0,Hatano,6
A,29,51.8,0.3,0,Hatano,6
A,27.3,51.2,0.3,0,Hatano,6
A,53.3,56.1,1,0,Hatano,7
A,63.2,53.5,1,0,Hatano,7
A,37.9,54.1,1,0,Hatano,7
A,77.1,54.8,1,0,Hatano,7
A,94.8,58.3,1,0,Hatano,7
A,56.3,51.9,1,0,Hatano,7
A,97.4,51.9,3,0,Hatano,8
A,107.4,56.1,3,0,Hatano,8
A,85.9,55.5,3,0,Hatano,8
A,87.7,57.3,3,0,Hatano,8
A,97.8,49.7,3,0,Hatano,8
A,97.8,49.9,3,0,Hatano,8
A,123.1,57.6,10,0,Hatano,9
A,140,55.4,10,0,Hatano,9
A,99.9,51.8,10,0,Hatano,9
A,132.9,56.5,10,0,Hatano,9
A,117.1,54.9,10,0,Hatano,9
A,134.6,54,10,0,Hatano,9
A,83.8,47.4,3,0.1,Hatano,10
A,87.5,54,3,0.1,Hatano,10
A,122.9,51.2,3,0.1,Hatano,10
A,60.3,59.1,3,0.1,Hatano,10
A,61.4,52.9,3,0.1,Hatano,10
A,55,56.6,3,0.1,Hatano,10
A,72.9,51.1,3,1,Hatano,11
A,39.4,52.7,3,1,Hatano,11
A,55.5,51,3,1,Hatano,11
A,42,56.7,3,1,Hatano,11
A,40.6,52.9,3,1,Hatano,11
A,54.8,56,3,1,Hatano,11
B,24.2,53.8,0,0,Hatano,1
B,30.9,55.1,0,0,Hatano,1
B,23,52.8,0,0,Hatano,1
B,35,48.4,0,0,Hatano,1
B,28,53.8,0,0,Hatano,1
B,34.4,54.3,0,0,Hatano,1
B,26.7,53.4,0,0,Hatano,2
B,27,51.9,0,0,Hatano,2
B,25.2,57.4,0,0,Hatano,2
B,24.4,50.3,0,0,Hatano,2
B,25.9,52.6,0,0,Hatano,2
B,27.1,52.9,0,0,Hatano,2
B,31,54.4,0.01,0,Hatano,3
B,35.4,57.9,0.01,0,Hatano,3
B,27.1,56.5,0.01,0,Hatano,3
B,25.9,51.5,0.01,0,Hatano,3
B,24.4,45.5,0.01,0,Hatano,3
B,28.5,52.9,0.01,0,Hatano,3
B,29.6,47.3,0.03,0,Hatano,4
B,24.1,44.4,0.03,0,Hatano,4
B,26.5,59.2,0.03,0,Hatano,4
B,28.2,52.8,0.03,0,Hatano,4
B,25.5,55,0.03,0,Hatano,4
B,31.7,52.5,0.03,0,Hatano,4
B,27.6,49.4,0.1,0,Hatano,5
B,27.2,52.5,0.1,0,Hatano,5
B,28.2,54,0.1,0,Hatano,5
B,27.2,57.6,0.1,0,Hatano,5
B,32.8,50.7,0.1,0,Hatano,5
B,25.1,49.7,0.1,0,Hatano,5
B,74.8,56.4,0.3,0,Hatano,6
B,28.2,51.1,0.3,0,Hatano,6
B,46.7,53.5,0.3,0,Hatano,6
B,52.5,52.5,0.3,0,Hatano,6
B,44.7,47.6,0.3,0,Hatano,6
B,73.4,57.1,0.3,0,Hatano,6
B,132.7,55.3,1,0,Hatano,7
B,108.1,46.1,1,0,Hatano,7
B,155.1,50.2,1,0,Hatano,7
B,128,55.2,1,0,Hatano,7
B,110.3,51.8,1,0,Hatano,7
B,121.5,53.3,1,0,Hatano,7
B,154.7,50.3,3,0,Hatano,8
B,138.7,47.5,3,0,Hatano,8
B,147.2,51.8,3,0,Hatano,8
B,141.1,55.1,3,0,Hatano,8
B,141,55.7,3,0,Hatano,8
B,155.3,56.2,3,0,Hatano,8
B,140.9,53.4,10,0,Hatano,9
B,143.6,53.7,10,0,Hatano,9
B,139.5,52.9,10,0,Hatano,9
B,250.2,49,10,0,Hatano,9
B,122.3,49.8,10,0,Hatano,9
B,33.1,51,3,0.1,Hatano,10
B,42.4,52.1,3,0.1,Hatano,10
B,45.1,56.2,3,0.1,Hatano,10
B,45,54.5,3,0.1,Hatano,10
B,35.6,55.9,3,0.1,Hatano,10
B,37.4,49.4,3,0.1,Hatano,10
B,24.6,52.1,3,1,Hatano,11
B,26.9,52.2,3,1,Hatano,11
B,24.9,53.7,3,1,Hatano,11
B,23.3,47.5,3,1,Hatano,11
B,23,52.5,3,1,Hatano,11
B,25.7,56,3,1,Hatano,11
C,127.7,214.7,0,0,Hatano,1
C,105.4,251.4,0,0,Hatano,1
C,115.8,266.5,0,0,Hatano,1
C,116.9,229.1,0,0,Hatano,1
C,117.6,248.8,0,0,Hatano,1
C,136.4,238.3,0,0,Hatano,1
C,113.9,228,0,0,Hatano,2
C,103.4,262.4,0,0,Hatano,2
C,139.1,253.4,0,0,Hatano,2
C,127.3,230.4,0,0,Hatano,2
C,119.7,243.8,0,0,Hatano,2
C,126.3,221.2,0,0,Hatano,2
C,117.2,207,0.01,0,Hatano,3
C,128.6,215,0.01,0,Hatano,3
C,122.7,259.3,0.01,0,Hatano,3
C,104.6,235.1,0.01,0,Hatano,3
C,106.3,256.5,0.01,0,Hatano,3
C,123.6,248.1,0.01,0,Hatano,3
C,129,210.2,0.03,0,Hatano,4
C,141.4,251.7,0.03,0,Hatano,4
C,110.5,241.7,0.03,0,Hatano,4
C,99.3,235.3,0.03,0,Hatano,4
C,120.5,256.3,0.03,0,Hatano,4
C,116.7,233.2,0.03,0,Hatano,4
C,121,227.1,0.1,0,Hatano,5
C,120.7,210.4,0.1,0,Hatano,5
C,131.9,217.4,0.1,0,Hatano,5
C,125.7,249,0.1,0,Hatano,5
C,153.6,266.7,0.1,0,Hatano,5
C,134.6,221.6,0.1,0,Hatano,5
C,197.9,237.4,0.3,0,Hatano,6
C,217.3,219,0.3,0,Hatano,6
C,209,226.3,0.3,0,Hatano,6
C,184.5,250,0.3,0,Hatano,6
C,243.7,255.7,0.3,0,Hatano,6
C,272.6,221,0.3,0,Hatano,6
C,278.5,226.9,1,0,Hatano,7
C,296.6,218.7,1,0,Hatano,7
C,340.2,197.5,1,0,Hatano,7
C,427.6,224.6,1,0,Hatano,7
C,244.4,250,1,0,Hatano,7
C,317.8,248.5,1,0,Hatano,7
C,352.5,223.7,3,0,Hatano,8
C,399.1,225.2,3,0,Hatano,8
C,426,249.7,3,0,Hatano,8
C,355.6,232,3,0,Hatano,8
C,364.7,209.9,3,0,Hatano,8
C,426.7,206.4,3,0,Hatano,8
C,376.1,236.3,10,0,Hatano,9
C,361.7,222.2,10,0,Hatano,9
C,425,228.8,10,0,Hatano,9
C,376.1,200.2,10,0,Hatano,9
C,457.9,212.8,10,0,Hatano,9
C,353.2,217.6,10,0,Hatano,9
C,158.8,221.5,3,0.1,Hatano,10
C,171.4,231.4,3,0.1,Hatano,10
C,181,251.9,3,0.1,Hatano,10
C,151.2,242.9,3,0.1,Hatano,10
C,187.7,203.4,3,0.1,Hatano,10
C,151.3,244.1,3,1,Hatano,11
C,96,230.4,3,1,Hatano,11
C,112.6,256.9,3,1,Hatano,11
C,127,221.3,3,1,Hatano,11
C,105.5,235,3,1,Hatano,11
C,135.4,205.6,3,1,Hatano,11
D,90.9,242.1,0,0,Hatano,1
D,98.5,258.8,0,0,Hatano,1
D,100.5,264.6,0,0,Hatano,1
D,128,267.6,0,0,Hatano,1
D,107.1,237.8,0,0,Hatano,1
D,107.5,243.7,0,0,Hatano,1
D,126.5,263.3,0,0,Hatano,2
D,89.6,271.8,0,0,Hatano,2
D,90.3,226.9,0,0,Hatano,2
D,90.4,247,0,0,Hatano,2
D,96.4,248.8,0,0,Hatano,2
D,112,258.6,0,0,Hatano,2
D,94.8,229.8,0.01,0,Hatano,3
D,110.8,262.4,0.01,0,Hatano,3
D,111.7,247.9,0.01,0,Hatano,3
D,101,239.3,0.01,0,Hatano,3
D,128.7,255.4,0.01,0,Hatano,3
D,108.4,273.5,0.01,0,Hatano,3
D,115.9,233.3,0.03,0,Hatano,4
D,97.8,245.1,0.03,0,Hatano,4
D,119.8,251.8,0.03,0,Hatano,4
D,95,231.8,0.03,0,Hatano,4
D,105.5,260.9,0.03,0,Hatano,4
D,98.7,276.1,0.03,0,Hatano,4
D,127.4,228.6,0.1,0,Hatano,5
D,303,229.2,0.1,0,Hatano,5
D,136,242.3,0.1,0,Hatano,5
D,132,246.8,0.1,0,Hatano,5
D,144.5,228.6,0.1,0,Hatano,5
D,143,257.1,0.1,0,Hatano,5
D,281.7,232.3,0.3,0,Hatano,6
D,235.9,249,0.3,0,Hatano,6
D,290.7,231.7,0.3,0,Hatano,6
D,247.2,263.5,0.3,0,Hatano,6
D,219.2,217.5,0.3,0,Hatano,6
D,280.4,251,0.3,0,Hatano,6
D,409.1,220.8,1,0,Hatano,7
D,286.2,237.4,1,0,Hatano,7
D,355.4,226.3,1,0,Hatano,7
D,357.2,224.6,1,0,Hatano,7
D,429.2,208.9,1,0,Hatano,7
D,372.7,245.8,1,0,Hatano,7
D,311,203.1,3,0,Hatano,8
D,420.9,234.1,3,0,Hatano,8
D,443.3,222.3,3,0,Hatano,8
D,349.4,237.5,3,0,Hatano,8
D,415.5,239.1,3,0,Hatano,8
D,422.8,218.1,3,0,Hatano,8
D,453.8,220.1,10,0,Hatano,9
D,385,237.5,10,0,Hatano,9
D,463.2,212.6,10,0,Hatano,9
D,386.5,221.7,10,0,Hatano,9
D,428.3,200.6,10,0,Hatano,9
D,462.9,236.2,10,0,Hatano,9
D,171,257.9,3,0.1,Hatano,10
D,202.1,241.7,3,0.1,Hatano,10
D,213.9,236.5,3,0.1,Hatano,10
D,186,234.1,3,0.1,Hatano,10
D,205.3,234.3,3,0.1,Hatano,10
D,179.5,234.3,3,0.1,Hatano,10
D,111.1,229.2,3,1,Hatano,11
D,114,214.6,3,1,Hatano,11
D,123.7,265.4,3,1,Hatano,11
D,132,235.6,3,1,Hatano,11
D,118.1,251.1,3,1,Hatano,11
D,81.9,243.8,3,1,Hatano,11
C,87,304.1,0,0,Huntingd,1
C,70,267.7,0,0,Huntingd,1
C,99,311.1,0,0,Huntingd,1
C,106,298.4,0,0,Huntingd,1
C,92,321.7,0,0,Huntingd,1
C,103,286.5,0,0,Huntingd,1
C,108,299.8,0,0,Huntingd,2
C,92,279.2,0,0,Huntingd,2
C,98,277.4,0,0,Huntingd,2
C,115,286.2,0,0,Huntingd,2
C,92,290.2,0,0,Huntingd,2
C,90,311,0,0,Huntingd,2
C,132,304.4,0.01,0,Huntingd,3
C,100,288.2,0.01,0,Huntingd,3
C,115,308.1,0.01,0,Huntingd,3
C,113,294.1,0.01,0,Huntingd,3
C,97,295.7,0.01,0,Huntingd,3
C,77,296.9,0.01,0,Huntingd,3
C,127,309.2,0.03,0,Huntingd,4
C,87,282.2,0.03,0,Huntingd,4
C,94,301.1,0.03,0,Huntingd,4
C,72,295.9,0.03,0,Huntingd,4
C,104,278.2,0.03,0,Huntingd,4
C,86,323.2,0.03,0,Huntingd,4
C,87,299.6,0.1,0,Huntingd,5
C,91,290.5,0.1,0,Huntingd,5
C,77,316,0.1,0,Huntingd,5
C,77,281.8,0.1,0,Huntingd,5
C,75,297.7,0.1,0,Huntingd,5
C,92,306,0.1,0,Huntingd,5
C,104,304.9,0.3,0,Huntingd,6
C,93,295.6,0.3,0,Huntingd,6
C,102,306.4,0.3,0,Huntingd,6
C,126,309.2,0.3,0,Huntingd,6
C,94,305.6,0.3,0,Huntingd,6
C,109,288.8,0.3,0,Huntingd,6
C,168,288.7,1,0,Huntingd,7
C,114,268.2,1,0,Huntingd,7
C,150,312.2,1,0,Huntingd,7
C,151,245.6,1,0,Huntingd,7
C,110,289.3,1,0,Huntingd,7
C,118,319.1,1,0,Huntingd,7
C,205,288.4,3,0,Huntingd,8
C,228,293.4,3,0,Huntingd,8
C,327,312,3,0,Huntingd,8
C,249,298.6,3,0,Huntingd,8
C,219,285.4,3,0,Huntingd,8
C,177,289.6,3,0,Huntingd,8
C,325,281.8,10,0,Huntingd,9
C,321,272.1,10,0,Huntingd,9
C,312,285.3,10,0,Huntingd,9
C,320,273.9,10,0,Huntingd,9
C,331,282.5,10,0,Huntingd,9
C,387,299,10,0,Huntingd,9
C,154,291.5,3,0.1,Huntingd,10
C,101,290.6,3,0.1,Huntingd,10
C,106,303.5,3,0.1,Huntingd,10
C,104,295,3,0.1,Huntingd,10
C,73,300.8,3,0.1,Huntingd,10
C,90,330.4,3,0.1,Huntingd,10
C,95,298.5,3,1,Huntingd,11
C,126,316.7,3,1,Huntingd,11
C,103,308,3,1,Huntingd,11
C,92,292.4,3,1,Huntingd,11
C,96,288.4,3,1,Huntingd,11
C,143,306.8,3,1,Huntingd,11
A,30.4,48.4,0,0,InEnvTox,1
A,41.4,52.5,0,0,InEnvTox,1
A,28,44.7,0,0,InEnvTox,1
A,26.3,49.3,0,0,InEnvTox,1
A,36,48.6,0,0,InEnvTox,1
A,34.4,54.1,0,0,InEnvTox,1
A,31,45.6,0,0,InEnvTox,2
A,34.9,49.8,0,0,InEnvTox,2
A,29.8,46.3,0,0,InEnvTox,2
A,33.6,49,0,0,InEnvTox,2
A,34.1,49.1,0,0,InEnvTox,2
A,37.4,49.9,0,0,InEnvTox,2
A,29,48.2,0.01,0,InEnvTox,3
A,31.3,49,0.01,0,InEnvTox,3
A,30.5,44.8,0.01,0,InEnvTox,3
A,36.5,49.6,0.01,0,InEnvTox,3
A,31.5,48.7,0.01,0,InEnvTox,3
A,39.9,51.5,0.01,0,InEnvTox,3
A,29.7,46.7,0.03,0,InEnvTox,4
A,24.5,48.2,0.03,0,InEnvTox,4
A,33.9,41.9,0.03,0,InEnvTox,4
A,26.3,49.4,0.03,0,InEnvTox,4
A,29.4,46.1,0.03,0,InEnvTox,4
A,30.8,52,0.03,0,InEnvTox,4
A,30.2,47.3,0.1,0,InEnvTox,5
A,35.1,52.1,0.1,0,InEnvTox,5
A,31.6,46.8,0.1,0,InEnvTox,5
A,37.6,49.2,0.1,0,InEnvTox,5
A,29.4,47.1,0.1,0,InEnvTox,5
A,37.1,52.7,0.1,0,InEnvTox,5
A,54,44.5,0.3,0,InEnvTox,6
A,50.3,50.6,0.3,0,InEnvTox,6
A,47,47.2,0.3,0,InEnvTox,6
A,64,48.9,0.3,0,InEnvTox,6
A,47.5,48,0.3,0,InEnvTox,6
A,49.9,51.9,0.3,0,InEnvTox,6
A,87.5,45.4,1,0,InEnvTox,7
A,83.7,50.6,1,0,InEnvTox,7
A,86.1,45,1,0,InEnvTox,7
A,92.9,49,1,0,InEnvTox,7
A,87.5,46.5,1,0,InEnvTox,7
A,83.5,52.6,1,0,InEnvTox,7
A,126,44.3,3,0,InEnvTox,8
A,128,48.7,3,0,InEnvTox,8
A,125.4,43.4,3,0,InEnvTox,8
A,126.5,48.8,3,0,InEnvTox,8
A,141.8,48.8,3,0,InEnvTox,8
A,126.9,50.2,3,0,InEnvTox,8
A,134.6,44.9,10,0,InEnvTox,9
A,115.7,49.2,10,0,InEnvTox,9
A,134.9,45.3,10,0,InEnvTox,9
A,136,47.2,10,0,InEnvTox,9
A,118.4,48.9,10,0,InEnvTox,9
A,127.8,52.5,10,0,InEnvTox,9
A,119.9,48.1,3,0.1,InEnvTox,10
A,113.1,47.9,3,0.1,InEnvTox,10
A,122.3,43.3,3,0.1,InEnvTox,10
A,118.6,48.7,3,0.1,InEnvTox,10
A,91.9,44.8,3,0.1,InEnvTox,10
A,100.5,52.7,3,0.1,InEnvTox,10
A,55.4,47.2,3,1,InEnvTox,11
A,68.8,48.2,3,1,InEnvTox,11
A,68.8,45.5,3,1,InEnvTox,11
A,49.1,47.3,3,1,InEnvTox,11
A,53,46.8,3,1,InEnvTox,11
A,41.4,49.9,3,1,InEnvTox,11
B,32,49.9,0,0,InEnvTox,1
B,28.2,48.4,0,0,InEnvTox,1
B,32.3,51.6,0,0,InEnvTox,1
B,27.4,48.4,0,0,InEnvTox,1
B,27.6,48.9,0,0,InEnvTox,1
B,29.4,50.4,0,0,InEnvTox,1
B,28.3,51.2,0,0,InEnvTox,2
B,23.7,46.9,0,0,InEnvTox,2
B,27.8,51.2,0,0,InEnvTox,2
B,29.2,49,0,0,InEnvTox,2
B,32.6,49.8,0,0,InEnvTox,2
B,36.4,49.5,0,0,InEnvTox,2
B,29.9,49,0.01,0,InEnvTox,3
B,29.4,48.3,0.01,0,InEnvTox,3
B,37.9,50.2,0.01,0,InEnvTox,3
B,32.1,47.9,0.01,0,InEnvTox,3
B,22.4,50.2,0.01,0,InEnvTox,3
B,23.1,49.3,0.01,0,InEnvTox,3
B,32.3,48.3,0.03,0,InEnvTox,4
B,36.2,47.2,0.03,0,InEnvTox,4
B,34.2,51.1,0.03,0,InEnvTox,4
B,33.2,49.5,0.03,0,InEnvTox,4
B,28.5,49.9,0.03,0,InEnvTox,4
B,28.7,48,0.03,0,InEnvTox,4
B,54,51.1,0.1,0,InEnvTox,5
B,37.2,47.2,0.1,0,InEnvTox,5
B,39.3,53.1,0.1,0,InEnvTox,5
B,38.9,48.3,0.1,0,InEnvTox,5
B,55.2,51.8,0.1,0,InEnvTox,5
B,54.6,49.9,0.1,0,InEnvTox,5
B,74.3,47.8,0.3,0,InEnvTox,6
B,74.4,48.5,0.3,0,InEnvTox,6
B,85.2,51.7,0.3,0,InEnvTox,6
B,74,47.8,0.3,0,InEnvTox,6
B,95.9,50,0.3,0,InEnvTox,6
B,77.3,49.6,0.3,0,InEnvTox,6
B,148.5,48.5,1,0,InEnvTox,7
B,116.5,45.9,1,0,InEnvTox,7
B,127.4,51.8,1,0,InEnvTox,7
B,125.3,48.5,1,0,InEnvTox,7
B,117.7,48,1,0,InEnvTox,7
B,149.7,48.3,1,0,InEnvTox,7
B,134.3,48.9,3,0,InEnvTox,8
B,124.4,46.8,3,0,InEnvTox,8
B,139.6,49.6,3,0,InEnvTox,8
B,152.3,48,3,0,InEnvTox,8
B,148.3,49.1,3,0,InEnvTox,8
B,159.7,47.5,3,0,InEnvTox,8
B,127.8,41.9,10,0,InEnvTox,9
B,132.1,43.5,10,0,InEnvTox,9
B,138.2,47.4,10,0,InEnvTox,9
B,139.5,47.3,10,0,InEnvTox,9
B,164.1,46.8,10,0,InEnvTox,9
B,145.9,46.4,10,0,InEnvTox,9
B,53.7,50.5,3,0.1,InEnvTox,10
B,66.2,47.5,3,0.1,InEnvTox,10
B,70.3,51.7,3,0.1,InEnvTox,10
B,67,47.9,3,0.1,InEnvTox,10
B,76.5,50.6,3,0.1,InEnvTox,10
B,47.8,49.4,3,0.1,InEnvTox,10
B,35.6,50.1,3,1,InEnvTox,11
B,29.1,48.2,3,1,InEnvTox,11
B,30.8,50.3,3,1,InEnvTox,11
B,31.6,50.5,3,1,InEnvTox,11
B,32,52,3,1,InEnvTox,11
B,32.8,49.8,3,1,InEnvTox,11
C,90.6,158.3,0,0,InEnvTox,1
C,102.1,171.1,0,0,InEnvTox,1
C,90.5,165.7,0,0,InEnvTox,1
C,94.8,171.9,0,0,InEnvTox,1
C,82.5,163.9,0,0,InEnvTox,1
C,108.2,171.8,0,0,InEnvTox,1
C,66.5,162.4,0,0,InEnvTox,2
C,108.1,168.8,0,0,InEnvTox,2
C,86.3,166.3,0,0,InEnvTox,2
C,81.2,181.1,0,0,InEnvTox,2
C,87,164.1,0,0,InEnvTox,2
C,65.6,175,0,0,InEnvTox,2
C,82.9,162.5,0.01,0,InEnvTox,3
C,93.6,170.2,0.01,0,InEnvTox,3
C,93,167.9,0.01,0,InEnvTox,3
C,91.3,172.4,0.01,0,InEnvTox,3
C,93.8,161.3,0.01,0,InEnvTox,3
C,92.1,176.4,0.01,0,InEnvTox,3
C,95.9,164.1,0.03,0,InEnvTox,4
C,86.4,168.3,0.03,0,InEnvTox,4
C,88.6,159.7,0.03,0,InEnvTox,4
C,90,179,0.03,0,InEnvTox,4
C,91.5,165.8,0.03,0,InEnvTox,4
C,107,176.3,0.03,0,InEnvTox,4
C,112.6,161,0.1,0,InEnvTox,5
C,124.3,177.9,0.1,0,InEnvTox,5
C,119.3,163.4,0.1,0,InEnvTox,5
C,113,172.3,0.1,0,InEnvTox,5
C,94.7,166.2,0.1,0,InEnvTox,5
C,116.4,174,0.1,0,InEnvTox,5
C,189.1,153,0.3,0,InEnvTox,6
C,186.8,167.8,0.3,0,InEnvTox,6
C,204.1,168.3,0.3,0,InEnvTox,6
C,186.3,170.8,0.3,0,InEnvTox,6
C,177.4,161.4,0.3,0,InEnvTox,6
C,203.7,171.6,0.3,0,InEnvTox,6
C,283.2,156.8,1,0,InEnvTox,7
C,318.2,161.9,1,0,InEnvTox,7
C,285.5,161.3,1,0,InEnvTox,7
C,311.9,170.4,1,0,InEnvTox,7
C,305.1,160.5,1,0,InEnvTox,7
C,282.1,165.5,1,0,InEnvTox,7
C,339.8,151.2,3,0,InEnvTox,8
C,299,160.8,3,0,InEnvTox,8
C,274.4,161.5,3,0,InEnvTox,8
C,296.3,163.6,3,0,InEnvTox,8
C,360.9,155.8,3,0,InEnvTox,8
C,275.2,161.3,3,0,InEnvTox,8
C,337.9,148,10,0,InEnvTox,9
C,332.1,153.8,10,0,InEnvTox,9
C,309.3,158.5,10,0,InEnvTox,9
C,342.6,161.9,10,0,InEnvTox,9
C,227.8,155.6,10,0,InEnvTox,9
C,324.7,163.2,10,0,InEnvTox,9
C,137.3,155.9,3,0.1,InEnvTox,10
C,125.4,166.8,3,0.1,InEnvTox,10
C,192.2,167.1,3,0.1,InEnvTox,10
C,146.9,176,3,0.1,InEnvTox,10
C,128.8,166.4,3,0.1,InEnvTox,10
C,151.3,170.6,3,0.1,InEnvTox,10
C,84.3,154.8,3,1,InEnvTox,11
C,80,165.1,3,1,InEnvTox,11
C,87.9,166.5,3,1,InEnvTox,11
C,120.5,169.5,3,1,InEnvTox,11
C,98.7,165.9,3,1,InEnvTox,11
C,106.8,165.1,3,1,InEnvTox,11
D,82.7,206.9,0,0,InEnvTox,1
D,94.1,186.8,0,0,InEnvTox,1
D,77.3,196.1,0,0,InEnvTox,1
D,84.4,195.8,0,0,InEnvTox,1
D,91.5,197.8,0,0,InEnvTox,1
D,82.5,198.4,0,0,InEnvTox,1
D,86.3,206.5,0,0,InEnvTox,2
D,90.5,202.5,0,0,InEnvTox,2
D,83.6,205.4,0,0,InEnvTox,2
D,80,206.9,0,0,InEnvTox,2
D,88.8,197.4,0,0,InEnvTox,2
D,107.7,197.1,0,0,InEnvTox,2
D,71.4,207.9,0.01,0,InEnvTox,3
D,70,192.4,0.01,0,InEnvTox,3
D,72.3,203.1,0.01,0,InEnvTox,3
D,70.9,200.6,0.01,0,InEnvTox,3
D,83.1,201.2,0.01,0,InEnvTox,3
D,100.1,210.1,0.01,0,InEnvTox,3
D,87.8,212.3,0.03,0,InEnvTox,4
D,83.5,192.6,0.03,0,InEnvTox,4
D,109.1,201.3,0.03,0,InEnvTox,4
D,89,205.8,0.03,0,InEnvTox,4
D,87.3,196.7,0.03,0,InEnvTox,4
D,80,198.1,0.03,0,InEnvTox,4
D,132.2,198.6,0.1,0,InEnvTox,5
D,93.6,188.4,0.1,0,InEnvTox,5
D,88.9,188.5,0.1,0,InEnvTox,5
D,136.4,202.7,0.1,0,InEnvTox,5
D,115.4,196,0.1,0,InEnvTox,5
D,95.6,203.7,0.1,0,InEnvTox,5
D,209.9,203.8,0.3,0,InEnvTox,6
D,211.5,185.6,0.3,0,InEnvTox,6
D,199.2,186.4,0.3,0,InEnvTox,6
D,207.5,196,0.3,0,InEnvTox,6
D,254.6,194.4,0.3,0,InEnvTox,6
D,224.4,185.8,0.3,0,InEnvTox,6
D,334.9,189.6,1,0,InEnvTox,7
D,418,184,1,0,InEnvTox,7
D,355.9,182,1,0,InEnvTox,7
D,354.7,189.9,1,0,InEnvTox,7
D,329.9,184,1,0,InEnvTox,7
D,360.8,184.3,1,0,InEnvTox,7
D,412.3,187.3,3,0,InEnvTox,8
D,333,164,3,0,InEnvTox,8
D,339,171.8,3,0,InEnvTox,8
D,361.6,184.7,3,0,InEnvTox,8
D,366.3,166.6,3,0,InEnvTox,8
D,398,183.2,3,0,InEnvTox,8
D,378.8,176.2,10,0,InEnvTox,9
D,342.9,161.5,10,0,InEnvTox,9
D,367.4,172.4,10,0,InEnvTox,9
D,374.4,173.1,10,0,InEnvTox,9
D,354.2,168.6,10,0,InEnvTox,9
D,380.9,161.4,10,0,InEnvTox,9
D,141.7,225,3,0.1,InEnvTox,10
D,146.6,182.5,3,0.1,InEnvTox,10
D,143.6,181.4,3,0.1,InEnvTox,10
D,128.5,185.2,3,0.1,InEnvTox,10
D,172.3,228.8,3,0.1,InEnvTox,10
D,126.3,203.5,3,0.1,InEnvTox,10
D,90.8,203.2,3,1,InEnvTox,11
D,97.4,191.2,3,1,InEnvTox,11
D,94.8,194.3,3,1,InEnvTox,11
D,99,198.2,3,1,InEnvTox,11
D,80.2,199,3,1,InEnvTox,11
D,85.5,199.4,3,1,InEnvTox,11
B,20.9,43.8,0,0,KoreaPar,1
B,22.1,39.5,0,0,KoreaPar,1
B,15.6,36,0,0,KoreaPar,1
B,16.4,35,0,0,KoreaPar,1
B,16.1,43.7,0,0,KoreaPar,1
B,15.1,36.7,0,0,KoreaPar,1
B,14.9,38.1,0,0,KoreaPar,2
B,21.6,35.9,0,0,KoreaPar,2
B,10.4,45.4,0,0,KoreaPar,2
B,19.8,35.2,0,0,KoreaPar,2
B,15.9,41.4,0,0,KoreaPar,2
B,14.1,33.9,0,0,KoreaPar,2
B,20.5,42.2,0.01,0,KoreaPar,3
B,17.6,45.1,0.01,0,KoreaPar,3
B,16.1,37.6,0.01,0,KoreaPar,3
B,16.9,39.8,0.01,0,KoreaPar,3
B,20.1,37.4,0.01,0,KoreaPar,3
B,13.4,36.6,0.01,0,KoreaPar,3
B,14.9,36.1,0.03,0,KoreaPar,4
B,18.8,42.4,0.03,0,KoreaPar,4
B,13.9,39.6,0.03,0,KoreaPar,4
B,18.1,43.8,0.03,0,KoreaPar,4
B,20.2,39.5,0.03,0,KoreaPar,4
B,17.2,43.3,0.03,0,KoreaPar,4
B,17.6,36.3,0.1,0,KoreaPar,5
B,18.1,41.2,0.1,0,KoreaPar,5
B,15.4,41.7,0.1,0,KoreaPar,5
B,23.9,38.1,0.1,0,KoreaPar,5
B,28.1,41.5,0.1,0,KoreaPar,5
B,25.8,38,0.1,0,KoreaPar,5
B,36.9,36.5,0.3,0,KoreaPar,6
B,32.9,38.8,0.3,0,KoreaPar,6
B,32.7,33,0.3,0,KoreaPar,6
B,21.3,34.8,0.3,0,KoreaPar,6
B,34.7,37.9,0.3,0,KoreaPar,6
B,43.7,40.2,0.3,0,KoreaPar,6
B,104.5,36.4,1,0,KoreaPar,7
B,84.8,42,1,0,KoreaPar,7
B,91.3,40.5,1,0,KoreaPar,7
B,91.7,41.8,1,0,KoreaPar,7
B,92.2,41.9,1,0,KoreaPar,7
B,103.9,39.5,1,0,KoreaPar,7
B,93.5,33.8,3,0,KoreaPar,8
B,93,38.8,3,0,KoreaPar,8
B,114.1,36.8,3,0,KoreaPar,8
B,105.4,36.7,3,0,KoreaPar,8
B,105.7,37.9,3,0,KoreaPar,8
B,129.7,44.6,3,0,KoreaPar,8
B,113.2,46.7,10,0,KoreaPar,9
B,112.6,36.1,10,0,KoreaPar,9
B,92.6,40.2,10,0,KoreaPar,9
B,117.1,41.2,10,0,KoreaPar,9
B,124.9,42.7,10,0,KoreaPar,9
B,103.5,42.1,10,0,KoreaPar,9
B,37.1,39.2,3,0.1,KoreaPar,10
B,20.6,39.6,3,0.1,KoreaPar,10
B,26.1,38.9,3,0.1,KoreaPar,10
B,31.7,41.9,3,0.1,KoreaPar,10
B,30.9,36.5,3,0.1,KoreaPar,10
B,35.4,35,3,0.1,KoreaPar,10
B,20.2,36.5,3,1,KoreaPar,11
B,16.8,36.3,3,1,KoreaPar,11
B,23,36.2,3,1,KoreaPar,11
B,19.8,43.9,3,1,KoreaPar,11
B,18.4,36.7,3,1,KoreaPar,11
B,22.7,35.3,3,1,KoreaPar,11
C,114.4,207.6,0,0,KoreaPar,1
C,94.2,213.1,0,0,KoreaPar,1
C,103.9,212.8,0,0,KoreaPar,1
C,87.5,212.2,0,0,KoreaPar,1
C,95.4,211,0,0,KoreaPar,1
C,93.8,213.4,0,0,KoreaPar,1
C,94.5,219.8,0,0,KoreaPar,2
C,80.3,215.3,0,0,KoreaPar,2
C,91.9,217.7,0,0,KoreaPar,2
C,106.2,213.4,0,0,KoreaPar,2
C,79.7,217.6,0,0,KoreaPar,2
C,82.9,208.9,0,0,KoreaPar,2
C,103.1,213.2,0.01,0,KoreaPar,3
C,84.6,215.6,0.01,0,KoreaPar,3
C,94.4,212.5,0.01,0,KoreaPar,3
C,94.2,211.2,0.01,0,KoreaPar,3
C,83.2,215.7,0.01,0,KoreaPar,3
C,72.2,215.2,0.01,0,KoreaPar,3
C,95.1,213.6,0.03,0,KoreaPar,4
C,56.7,218.7,0.03,0,KoreaPar,4
C,96.6,209.8,0.03,0,KoreaPar,4
C,110.8,220.6,0.03,0,KoreaPar,4
C,78.1,205.2,0.03,0,KoreaPar,4
C,66.2,214.6,0.03,0,KoreaPar,4
C,83.4,209.6,0.1,0,KoreaPar,5
C,83.4,217.4,0.1,0,KoreaPar,5
C,107.6,198.6,0.1,0,KoreaPar,5
C,78.8,219.7,0.1,0,KoreaPar,5
C,95.1,211.6,0.1,0,KoreaPar,5
C,102.5,208.7,0.1,0,KoreaPar,5
C,219.6,205.6,0.3,0,KoreaPar,6
C,154.5,206.3,0.3,0,KoreaPar,6
C,295.9,218.9,0.3,0,KoreaPar,6
C,204.9,218.8,0.3,0,KoreaPar,6
C,106.3,215.9,0.3,0,KoreaPar,6
C,177.2,209.8,0.3,0,KoreaPar,6
C,416.5,210.2,1,0,KoreaPar,7
C,369.1,201.3,1,0,KoreaPar,7
C,350.8,215.6,1,0,KoreaPar,7
C,288,213.5,1,0,KoreaPar,7
C,268.3,205.6,1,0,KoreaPar,7
C,317,209.4,1,0,KoreaPar,7
C,347.5,210.3,3,0,KoreaPar,8
C,371.9,207.2,3,0,KoreaPar,8
C,308,210.7,3,0,KoreaPar,8
C,256,198.6,3,0,KoreaPar,8
C,359.8,204.1,3,0,KoreaPar,8
C,363.7,201.4,3,0,KoreaPar,8
C,375.8,191.1,10,0,KoreaPar,9
C,422.7,189.7,10,0,KoreaPar,9
C,359.1,204.6,10,0,KoreaPar,9
C,334.7,194.2,10,0,KoreaPar,9
C,334.9,199.7,10,0,KoreaPar,9
C,370,193.8,10,0,KoreaPar,9
C,132.1,228.7,3,0.1,KoreaPar,10
C,150.6,229.4,3,0.1,KoreaPar,10
C,142,229.8,3,0.1,KoreaPar,10
C,151,209.4,3,0.1,KoreaPar,10
C,113.5,217.4,3,0.1,KoreaPar,10
C,133.2,214.3,3,0.1,KoreaPar,10
C,101.2,197.2,3,1,KoreaPar,11
C,121.5,207.5,3,1,KoreaPar,11
C,94.9,218.7,3,1,KoreaPar,11
C,327.9,205.2,3,1,KoreaPar,11
C,86.1,210.2,3,1,KoreaPar,11
C,105.1,212.7,3,1,KoreaPar,11
A,31.6,56.3,0,0,Mitsubis,1
A,36.5,62.4,0,0,Mitsubis,1
A,26.2,54.1,0,0,Mitsubis,1
A,25.2,61.5,0,0,Mitsubis,1
A,28.3,55.3,0,0,Mitsubis,1
A,33.5,57.6,0,0,Mitsubis,1
A,36.1,62.8,0,0,Mitsubis,2
A,40.6,52.6,0,0,Mitsubis,2
A,27.5,56.1,0,0,Mitsubis,2
A,25.8,57.2,0,0,Mitsubis,2
A,38.8,59.6,0,0,Mitsubis,2
A,26.2,63.7,0,0,Mitsubis,2
A,29.5,62.4,0.01,0,Mitsubis,3
A,29.5,62.7,0.01,0,Mitsubis,3
A,28.1,57.3,0.01,0,Mitsubis,3
A,32.7,57.8,0.01,0,Mitsubis,3
A,32.9,57.5,0.01,0,Mitsubis,3
A,25.6,53,0.01,0,Mitsubis,3
A,28.3,57,0.03,0,Mitsubis,4
A,36.4,64.9,0.03,0,Mitsubis,4
A,36.5,61.8,0.03,0,Mitsubis,4
A,23.5,54.2,0.03,0,Mitsubis,4
A,36,57.9,0.03,0,Mitsubis,4
A,28.8,57.1,0.03,0,Mitsubis,4
A,32.3,62.3,0.1,0,Mitsubis,5
A,35.4,60.9,0.1,0,Mitsubis,5
A,35.6,59.9,0.1,0,Mitsubis,5
A,31,59.7,0.1,0,Mitsubis,5
A,33.7,56.8,0.1,0,Mitsubis,5
A,29.5,54.1,0.1,0,Mitsubis,5
A,35.7,57.8,0.3,0,Mitsubis,6
A,35.2,55.6,0.3,0,Mitsubis,6
A,30.8,55.1,0.3,0,Mitsubis,6
A,35.9,58.8,0.3,0,Mitsubis,6
A,30.4,56.7,0.3,0,Mitsubis,6
A,38.3,58.6,0.3,0,Mitsubis,6
A,52.5,55.9,1,0,Mitsubis,7
A,57.2,59.8,1,0,Mitsubis,7
A,59.9,57,1,0,Mitsubis,7
A,59.8,60.8,1,0,Mitsubis,7
A,78.2,61.7,1,0,Mitsubis,7
A,54.1,61.2,1,0,Mitsubis,7
A,126.6,58.7,3,0,Mitsubis,8
A,106.9,52.7,3,0,Mitsubis,8
A,116.3,64.9,3,0,Mitsubis,8
A,106.7,57.1,3,0,Mitsubis,8
A,85.6,57.7,3,0,Mitsubis,8
A,111,55.6,3,0,Mitsubis,8
A,115.6,47.9,10,0,Mitsubis,9
A,130.1,59.5,10,0,Mitsubis,9
A,139.7,57,10,0,Mitsubis,9
A,106.8,55.9,10,0,Mitsubis,9
A,142.3,61.7,10,0,Mitsubis,9
A,119.6,58.5,10,0,Mitsubis,9
A,77.4,59.3,3,0.1,Mitsubis,10
A,95.4,52.7,3,0.1,Mitsubis,10
A,74.5,58.8,3,0.1,Mitsubis,10
A,88.3,59.1,3,0.1,Mitsubis,10
A,93.6,52.4,3,0.1,Mitsubis,10
A,121.8,62.5,3,0.1,Mitsubis,10
A,30.3,54.5,3,1,Mitsubis,11
A,51.3,58.7,3,1,Mitsubis,11
A,41.9,56.4,3,1,Mitsubis,11
A,53.2,61.1,3,1,Mitsubis,11
A,44,59.8,3,1,Mitsubis,11
A,38,51.6,3,1,Mitsubis,11
B,29.2,54.3,0,0,Mitsubis,1
B,29.5,56.4,0,0,Mitsubis,1
B,35.8,56.3,0,0,Mitsubis,1
B,37,66.6,0,0,Mitsubis,1
B,34.2,58.5,0,0,Mitsubis,1
B,29.5,55.1,0,0,Mitsubis,1
B,26.3,55.3,0,0,Mitsubis,2
B,30.6,61.2,0,0,Mitsubis,2
B,35.3,58.4,0,0,Mitsubis,2
B,31.9,56.6,0,0,Mitsubis,2
B,33,62.5,0,0,Mitsubis,2
B,27.2,53.1,0,0,Mitsubis,2
B,23.1,49.2,0.01,0,Mitsubis,3
B,30.6,58.3,0.01,0,Mitsubis,3
B,25.9,54.8,0.01,0,Mitsubis,3
B,28.4,58.7,0.01,0,Mitsubis,3
B,30.3,59.7,0.01,0,Mitsubis,3
B,29.6,59.5,0.01,0,Mitsubis,3
B,24.2,57.6,0.03,0,Mitsubis,4
B,25.5,55.2,0.03,0,Mitsubis,4
B,32.2,64.2,0.03,0,Mitsubis,4
B,27.1,50.5,0.03,0,Mitsubis,4
B,27.7,53.3,0.03,0,Mitsubis,4
B,26.6,59.2,0.03,0,Mitsubis,4
B,30.8,61.3,0.1,0,Mitsubis,5
B,25.8,53.7,0.1,0,Mitsubis,5
B,33.9,57.6,0.1,0,Mitsubis,5
B,33.9,57.3,0.1,0,Mitsubis,5
B,37.1,51,0.1,0,Mitsubis,5
B,35.4,58.4,0.1,0,Mitsubis,5
B,59.5,50.1,0.3,0,Mitsubis,6
B,79,57.5,0.3,0,Mitsubis,6
B,68,56.5,0.3,0,Mitsubis,6
B,98.7,54.6,0.3,0,Mitsubis,6
B,67.5,60.6,0.3,0,Mitsubis,6
B,79.5,56.6,0.3,0,Mitsubis,6
B,109.5,60.1,1,0,Mitsubis,7
B,123,50.2,1,0,Mitsubis,7
B,121.8,60,1,0,Mitsubis,7
B,151.5,55.7,1,0,Mitsubis,7
B,137.6,57.9,1,0,Mitsubis,7
B,118.3,49.8,1,0,Mitsubis,7
B,160.9,56.7,3,0,Mitsubis,8
B,176.2,57.8,3,0,Mitsubis,8
B,146.7,54.4,3,0,Mitsubis,8
B,141.2,60.8,3,0,Mitsubis,8
B,152.5,53.2,3,0,Mitsubis,8
B,120.5,47.3,3,0,Mitsubis,8
B,158.6,56.2,10,0,Mitsubis,9
B,147.5,57,10,0,Mitsubis,9
B,171.1,57.2,10,0,Mitsubis,9
B,152.3,53.3,10,0,Mitsubis,9
B,154.8,55.5,10,0,Mitsubis,9
B,157.4,57.5,10,0,Mitsubis,9
B,46.9,52.4,3,0.1,Mitsubis,10
B,49.7,58.2,3,0.1,Mitsubis,10
B,57.4,50.5,3,0.1,Mitsubis,10
B,51.1,59.3,3,0.1,Mitsubis,10
B,55.6,58.9,3,0.1,Mitsubis,10
B,57.5,58.5,3,0.1,Mitsubis,10
B,26.4,58.6,3,1,Mitsubis,11
B,26.9,55.6,3,1,Mitsubis,11
B,22.6,52.2,3,1,Mitsubis,11
B,24.1,56.6,3,1,Mitsubis,11
B,26.5,59.1,3,1,Mitsubis,11
B,24.7,51.8,3,1,Mitsubis,11
C,118.5,215.1,0,0,Mitsubis,1
C,123.8,231.9,0,0,Mitsubis,1
C,121.6,222.6,0,0,Mitsubis,1
C,115,236.4,0,0,Mitsubis,1
C,119,236.8,0,0,Mitsubis,1
C,108.3,247.3,0,0,Mitsubis,1
C,124,247.6,0,0,Mitsubis,2
C,108.6,237.8,0,0,Mitsubis,2
C,117.5,219.3,0,0,Mitsubis,2
C,114.2,251.9,0,0,Mitsubis,2
C,112.9,226.2,0,0,Mitsubis,2
C,118.3,228.4,0,0,Mitsubis,2
C,95.3,233,0.01,0,Mitsubis,3
C,115.8,222.8,0.01,0,Mitsubis,3
C,92.3,217.7,0.01,0,Mitsubis,3
C,129.2,240.1,0.01,0,Mitsubis,3
C,95.8,230.3,0.01,0,Mitsubis,3
C,110.2,241.1,0.01,0,Mitsubis,3
C,118.8,234,0.03,0,Mitsubis,4
C,116.7,219.3,0.03,0,Mitsubis,4
C,119.3,239.9,0.03,0,Mitsubis,4
C,124.5,229.9,0.03,0,Mitsubis,4
C,113.4,228.2,0.03,0,Mitsubis,4
C,118.6,242.1,0.03,0,Mitsubis,4
C,110.1,241.8,0.1,0,Mitsubis,5
C,250,222.2,0.1,0,Mitsubis,5
C,125.2,214.3,0.1,0,Mitsubis,5
C,107.8,232.3,0.1,0,Mitsubis,5
C,120.9,238.3,0.1,0,Mitsubis,5
C,152.5,219.7,0.1,0,Mitsubis,5
C,226.9,215.7,0.3,0,Mitsubis,6
C,200.1,251.9,0.3,0,Mitsubis,6
C,210.5,228,0.3,0,Mitsubis,6
C,231.3,227.2,0.3,0,Mitsubis,6
C,200.7,218.9,0.3,0,Mitsubis,6
C,214.2,231.8,0.3,0,Mitsubis,6
C,320,210.2,1,0,Mitsubis,7
C,400.7,228.1,1,0,Mitsubis,7
C,396.5,234,1,0,Mitsubis,7
C,298.4,225,1,0,Mitsubis,7
C,287.7,214.7,1,0,Mitsubis,7
C,253.1,201.6,1,0,Mitsubis,7
C,350.7,218.6,3,0,Mitsubis,8
C,396.9,215.6,3,0,Mitsubis,8
C,355.4,203.4,3,0,Mitsubis,8
C,399.9,211.6,3,0,Mitsubis,8
C,381.9,225.5,3,0,Mitsubis,8
C,385.4,195.2,3,0,Mitsubis,8
C,342.2,215.8,10,0,Mitsubis,9
C,410.3,213.2,10,0,Mitsubis,9
C,374.5,203.3,10,0,Mitsubis,9
C,328.1,227.4,10,0,Mitsubis,9
C,406.1,217.2,10,0,Mitsubis,9
C,265,197.4,10,0,Mitsubis,9
C,189.8,225.4,3,0.1,Mitsubis,10
C,167.4,217.3,3,0.1,Mitsubis,10
C,147.3,219.9,3,0.1,Mitsubis,10
C,154,232.9,3,0.1,Mitsubis,10
C,157.9,239,3,0.1,Mitsubis,10
C,163.2,218.6,3,0.1,Mitsubis,10
C,105.7,212.5,3,1,Mitsubis,11
C,101.6,237.9,3,1,Mitsubis,11
C,99.4,208.6,3,1,Mitsubis,11
C,132.2,226.2,3,1,Mitsubis,11
C,88.7,214.4,3,1,Mitsubis,11
C,110.5,226.2,3,1,Mitsubis,11
D,95.9,261.9,0,0,Mitsubis,1
D,96.4,253.5,0,0,Mitsubis,1
D,95.7,266.3,0,0,Mitsubis,1
D,115.2,279.6,0,0,Mitsubis,1
D,93.1,242.6,0,0,Mitsubis,1
D,117.2,272.3,0,0,Mitsubis,1
D,102.4,267.2,0,0,Mitsubis,2
D,105.1,247.8,0,0,Mitsubis,2
D,103.3,261.2,0,0,Mitsubis,2
D,101.9,250.6,0,0,Mitsubis,2
D,99.4,250.4,0,0,Mitsubis,2
D,97.6,263.6,0,0,Mitsubis,2
D,116,262.3,0.01,0,Mitsubis,3
D,91.9,256,0.01,0,Mitsubis,3
D,108.1,277.1,0.01,0,Mitsubis,3
D,112.4,269.9,0.01,0,Mitsubis,3
D,98,256.4,0.01,0,Mitsubis,3
D,97.3,247.5,0.01,0,Mitsubis,3
D,113.8,242.3,0.03,0,Mitsubis,4
D,99.1,254.2,0.03,0,Mitsubis,4
D,107.4,258.6,0.03,0,Mitsubis,4
D,91.2,268.9,0.03,0,Mitsubis,4
D,110.9,261.6,0.03,0,Mitsubis,4
D,104.8,220.9,0.1,0,Mitsubis,5
D,143.3,236.4,0.1,0,Mitsubis,5
D,127,255.9,0.1,0,Mitsubis,5
D,144.2,254.2,0.1,0,Mitsubis,5
D,117.3,244.2,0.1,0,Mitsubis,5
D,119.8,241.2,0.1,0,Mitsubis,5
D,243.2,237.9,0.3,0,Mitsubis,6
D,309.9,242.3,0.3,0,Mitsubis,6
D,294,249.6,0.3,0,Mitsubis,6
D,209.4,240,0.3,0,Mitsubis,6
D,263.1,233.6,0.3,0,Mitsubis,6
D,285.9,256.1,0.3,0,Mitsubis,6
D,344.7,214,1,0,Mitsubis,7
D,302.7,228.5,1,0,Mitsubis,7
D,343.8,238.8,1,0,Mitsubis,7
D,356.6,208.3,1,0,Mitsubis,7
D,362,220.3,1,0,Mitsubis,7
D,413.7,232.6,1,0,Mitsubis,7
D,391.3,232.1,3,0,Mitsubis,8
D,344,217.3,3,0,Mitsubis,8
D,389.9,216.1,3,0,Mitsubis,8
D,380.3,228.5,3,0,Mitsubis,8
D,369.1,205.4,3,0,Mitsubis,8
D,381.7,211,3,0,Mitsubis,8
D,411.8,219.5,10,0,Mitsubis,9
D,386.8,193.4,10,0,Mitsubis,9
D,379.3,209.4,10,0,Mitsubis,9
D,379.8,222.3,10,0,Mitsubis,9
D,462.6,204.9,10,0,Mitsubis,9
D,456.3,213.6,10,0,Mitsubis,9
D,201.8,230.6,3,0.1,Mitsubis,10
D,188.3,248.8,3,0.1,Mitsubis,10
D,182.6,253.9,3,0.1,Mitsubis,10
D,179.8,232.3,3,0.1,Mitsubis,10
D,171.2,232.8,3,0.1,Mitsubis,10
D,162.7,227.1,3,0.1,Mitsubis,10
D,95.6,259.3,3,1,Mitsubis,11
D,102.6,221.2,3,1,Mitsubis,11
D,105.3,239.1,3,1,Mitsubis,11
D,107.3,237.1,3,1,Mitsubis,11
D,82.5,238.8,3,1,Mitsubis,11
D,112.1,232,3,1,Mitsubis,11
A,22.2,58.2,0,0,Nihon,1
A,27.8,60.6,0,0,Nihon,1
A,27,60.2,0,0,Nihon,1
A,28.1,58,0,0,Nihon,1
A,26.7,61.2,0,0,Nihon,1
A,29.7,66.3,0,0,Nihon,1
A,21.2,55.8,0,0,Nihon,2
A,22.2,55.2,0,0,Nihon,2
A,27,56.5,0,0,Nihon,2
A,14.4,60.7,0,0,Nihon,2
A,24.1,62.5,0,0,Nihon,2
A,30.8,62.8,0,0,Nihon,2
A,19,56.5,0.01,0,Nihon,3
A,29.3,57.2,0.01,0,Nihon,3
A,27.4,58.6,0.01,0,Nihon,3
A,28.5,60.3,0.01,0,Nihon,3
A,25.2,62.8,0.01,0,Nihon,3
A,30.8,64.1,0.01,0,Nihon,3
A,21,56.5,0.03,0,Nihon,4
A,19.3,56.8,0.03,0,Nihon,4
A,24.9,59.4,0.03,0,Nihon,4
A,23,59.3,0.03,0,Nihon,4
A,24.2,60.9,0.03,0,Nihon,4
A,20.2,61,0.03,0,Nihon,4
A,24.5,55.3,0.1,0,Nihon,5
A,23.1,55.9,0.1,0,Nihon,5
A,23.7,57.1,0.1,0,Nihon,5
A,23.2,57.9,0.1,0,Nihon,5
A,21.3,57,0.1,0,Nihon,5
A,23.7,63.5,0.1,0,Nihon,5
A,21.8,55.3,0.3,0,Nihon,6
A,27.7,55.1,0.3,0,Nihon,6
A,42.9,58.8,0.3,0,Nihon,6
A,32.6,60,0.3,0,Nihon,6
A,26.1,61.4,0.3,0,Nihon,6
A,23.6,64.2,0.3,0,Nihon,6
A,37.2,56.9,1,0,Nihon,7
A,74.4,57.7,1,0,Nihon,7
A,51,56.7,1,0,Nihon,7
A,56.3,55.5,1,0,Nihon,7
A,58.8,64.6,1,0,Nihon,7
A,38.2,60.3,1,0,Nihon,7
A,111.7,59.3,3,0,Nihon,8
A,96.9,57.9,3,0,Nihon,8
A,98.3,60.1,3,0,Nihon,8
A,80.2,59.6,3,0,Nihon,8
A,94.4,59.8,3,0,Nihon,8
A,76.8,62,3,0,Nihon,8
A,135.2,52.1,10,0,Nihon,9
A,102.9,52.2,10,0,Nihon,9
A,124.3,56.7,10,0,Nihon,9
A,113.9,56.4,10,0,Nihon,9
A,130.1,59,10,0,Nihon,9
A,92,60.5,10,0,Nihon,9
A,87,52.9,3,0.1,Nihon,10
A,60.2,57.5,3,0.1,Nihon,10
A,95.8,55.6,3,0.1,Nihon,10
A,95.7,58.4,3,0.1,Nihon,10
A,64.9,59.5,3,0.1,Nihon,10
A,67.2,62.9,3,0.1,Nihon,10
A,34.3,53.6,3,1,Nihon,11
A,37.5,54.5,3,1,Nihon,11
A,28.8,56.2,3,1,Nihon,11
A,40.7,57.1,3,1,Nihon,11
A,42.7,62.7,3,1,Nihon,11
A,45.5,62.7,3,1,Nihon,11
B,26.9,57.9,0,0,Nihon,1
B,27.4,59.1,0,0,Nihon,1
B,25.8,59.2,0,0,Nihon,1
B,32.4,64,0,0,Nihon,1
B,28.2,64.3,0,0,Nihon,1
B,34.6,67.9,0,0,Nihon,1
B,31.7,58.7,0,0,Nihon,2
B,26,59.2,0,0,Nihon,2
B,23.4,58.4,0,0,Nihon,2
B,30.2,63.3,0,0,Nihon,2
B,29.4,65.2,0,0,Nihon,2
B,28.9,64.1,0,0,Nihon,2
B,22.3,61.1,0.01,0,Nihon,3
B,28.9,59.9,0.01,0,Nihon,3
B,33.5,57.2,0.01,0,Nihon,3
B,27.5,60.5,0.01,0,Nihon,3
B,38.9,62.6,0.01,0,Nihon,3
B,29,63.5,0.01,0,Nihon,3
B,22.6,58.4,0.03,0,Nihon,4
B,25.4,58.8,0.03,0,Nihon,4
B,24.7,58.4,0.03,0,Nihon,4
B,19.9,63.1,0.03,0,Nihon,4
B,28.5,59.2,0.03,0,Nihon,4
B,30.8,64.3,0.03,0,Nihon,4
B,25.1,57.1,0.1,0,Nihon,5
B,34.2,59,0.1,0,Nihon,5
B,27.5,59.5,0.1,0,Nihon,5
B,24.4,62.2,0.1,0,Nihon,5
B,35.1,58.5,0.1,0,Nihon,5
B,32.8,63.7,0.1,0,Nihon,5
B,54.6,53.2,0.3,0,Nihon,6
B,61.9,58.2,0.3,0,Nihon,6
B,74.2,60.1,0.3,0,Nihon,6
B,94.7,61.6,0.3,0,Nihon,6
B,63.4,65.3,0.3,0,Nihon,6
B,66.5,64.3,0.3,0,Nihon,6
B,102,55.3,1,0,Nihon,7
B,119.8,56.6,1,0,Nihon,7
B,126.8,56.7,1,0,Nihon,7
B,120.4,61.8,1,0,Nihon,7
B,101.2,60.4,1,0,Nihon,7
B,106.2,65.1,1,0,Nihon,7
B,137,56.6,3,0,Nihon,8
B,150.4,57.2,3,0,Nihon,8
B,116,60,3,0,Nihon,8
B,140.5,58.1,3,0,Nihon,8
B,134.1,63.3,3,0,Nihon,8
B,164,66.5,3,0,Nihon,8
B,121.7,55.1,10,0,Nihon,9
B,127.4,53.2,10,0,Nihon,9
B,126,57.4,10,0,Nihon,9
B,135.2,60.4,10,0,Nihon,9
B,128.5,58.3,10,0,Nihon,9
B,130.9,59.8,10,0,Nihon,9
B,43.8,53.9,3,0.1,Nihon,10
B,47.1,59.9,3,0.1,Nihon,10
B,65.5,54.9,3,0.1,Nihon,10
B,64.4,63,3,0.1,Nihon,10
B,45,61.8,3,0.1,Nihon,10
B,54.1,65.6,3,0.1,Nihon,10
B,18.8,58.5,3,1,Nihon,11
B,19,57.7,3,1,Nihon,11
B,29.6,61.8,3,1,Nihon,11
B,21.2,63.2,3,1,Nihon,11
B,22.1,62.3,3,1,Nihon,11
B,23.7,61.8,3,1,Nihon,11
C,78.4,192.4,0,0,Nihon,1
C,104.5,198.6,0,0,Nihon,1
C,118.9,207.4,0,0,Nihon,1
C,109.7,196.7,0,0,Nihon,1
C,96.2,204.6,0,0,Nihon,1
C,99.3,223.5,0,0,Nihon,1
C,88.5,195.8,0,0,Nihon,2
C,87.3,206.5,0,0,Nihon,2
C,103.1,217.8,0,0,Nihon,2
C,102,208.1,0,0,Nihon,2
C,116.2,211.8,0,0,Nihon,2
C,117,222.5,0,0,Nihon,2
C,81.7,190.3,0.01,0,Nihon,3
C,90.2,202.8,0.01,0,Nihon,3
C,91.4,219,0.01,0,Nihon,3
C,101,201.6,0.01,0,Nihon,3
C,106.2,214.3,0.01,0,Nihon,3
C,116.1,224.4,0.01,0,Nihon,3
C,97.8,204.1,0.03,0,Nihon,4
C,87.2,196.9,0.03,0,Nihon,4
C,102.8,229.1,0.03,0,Nihon,4
C,97.9,212,0.03,0,Nihon,4
C,93.4,208.2,0.03,0,Nihon,4
C,101.6,221.9,0.03,0,Nihon,4
C,114.2,188.1,0.1,0,Nihon,5
C,115,199.7,0.1,0,Nihon,5
C,115.1,213.6,0.1,0,Nihon,5
C,104.3,193.6,0.1,0,Nihon,5
C,109.6,208.3,0.1,0,Nihon,5
C,115.1,217.9,0.1,0,Nihon,5
C,142.1,189.5,0.3,0,Nihon,6
C,186.7,195.1,0.3,0,Nihon,6
C,191.3,202.9,0.3,0,Nihon,6
C,170.5,196.2,0.3,0,Nihon,6
C,220.3,212.7,0.3,0,Nihon,6
C,231.8,212.8,0.3,0,Nihon,6
C,346.2,187.9,1,0,Nihon,7
C,290.1,191.6,1,0,Nihon,7
C,281.3,212.3,1,0,Nihon,7
C,285.2,196.7,1,0,Nihon,7
C,426.3,204.3,1,0,Nihon,7
C,289.6,219.2,1,0,Nihon,7
C,386.1,176.8,3,0,Nihon,8
C,350,188.3,3,0,Nihon,8
C,350.5,202.2,3,0,Nihon,8
C,363,186.6,3,0,Nihon,8
C,378.9,199.5,3,0,Nihon,8
C,413.8,214.6,3,0,Nihon,8
C,336.9,183.7,10,0,Nihon,9
C,360.9,178.6,10,0,Nihon,9
C,381.6,197.2,10,0,Nihon,9
C,393.2,192.2,10,0,Nihon,9
C,377.6,196.2,10,0,Nihon,9
C,441.8,209.4,10,0,Nihon,9
C,159.5,183.7,3,0.1,Nihon,10
C,169.1,192.4,3,0.1,Nihon,10
C,176.8,206.9,3,0.1,Nihon,10
C,158.1,197.6,3,0.1,Nihon,10
C,161.7,214.3,3,0.1,Nihon,10
C,210.1,215.6,3,0.1,Nihon,10
C,107.9,189,3,1,Nihon,11
C,98.6,190.1,3,1,Nihon,11
C,114.5,212.4,3,1,Nihon,11
C,130.4,197.3,3,1,Nihon,11
C,122.8,209.7,3,1,Nihon,11
C,134.2,221.8,3,1,Nihon,11
D,107.4,223.4,0,0,Nihon,1
D,89.5,237.6,0,0,Nihon,1
D,90.9,234.8,0,0,Nihon,1
D,82.7,215.2,0,0,Nihon,1
D,112.6,236.9,0,0,Nihon,1
D,93.1,236.7,0,0,Nihon,1
D,87.5,227.4,0,0,Nihon,2
D,92.9,227.9,0,0,Nihon,2
D,111.5,257,0,0,Nihon,2
D,105.4,225.3,0,0,Nihon,2
D,81.9,231.5,0,0,Nihon,2
D,111.8,248.1,0,0,Nihon,2
D,98.7,223.3,0.01,0,Nihon,3
D,138.9,215.6,0.01,0,Nihon,3
D,94.7,247.1,0.01,0,Nihon,3
D,87.7,223,0.01,0,Nihon,3
D,98.6,226.6,0.01,0,Nihon,3
D,182.9,236.2,0.01,0,Nihon,3
D,91.9,210.1,0.03,0,Nihon,4
D,85.8,235,0.03,0,Nihon,4
D,98.5,235.9,0.03,0,Nihon,4
D,108.4,229.1,0.03,0,Nihon,4
D,92.3,222.5,0.03,0,Nihon,4
D,101.6,247.3,0.03,0,Nihon,4
D,88.1,203.1,0.1,0,Nihon,5
D,94.6,225.1,0.1,0,Nihon,5
D,107.6,234.7,0.1,0,Nihon,5
D,126.9,203.3,0.1,0,Nihon,5
D,120.1,235.5,0.1,0,Nihon,5
D,111.3,232.6,0.1,0,Nihon,5
D,202.4,206.2,0.3,0,Nihon,6
D,207.7,215.3,0.3,0,Nihon,6
D,288.3,231.9,0.3,0,Nihon,6
D,194.1,196.5,0.3,0,Nihon,6
D,202,217.6,0.3,0,Nihon,6
D,199,222.7,0.3,0,Nihon,6
D,309.1,190.2,1,0,Nihon,7
D,370.2,201.8,1,0,Nihon,7
D,308.1,224.1,1,0,Nihon,7
D,346.3,193.3,1,0,Nihon,7
D,392.5,213.7,1,0,Nihon,7
D,361.5,209.5,1,0,Nihon,7
D,338.4,181.8,3,0,Nihon,8
D,401.4,200.9,3,0,Nihon,8
D,383.7,204.3,3,0,Nihon,8
D,354.7,187.9,3,0,Nihon,8
D,459.5,206.4,3,0,Nihon,8
D,446.9,210.5,3,0,Nihon,8
D,352.1,192.8,10,0,Nihon,9
D,435.3,194.8,10,0,Nihon,9
D,404.3,212.3,10,0,Nihon,9
D,430,198.6,10,0,Nihon,9
D,460.6,196.8,10,0,Nihon,9
D,450.8,212.6,10,0,Nihon,9
D,131.5,221.4,3,0.1,Nihon,10
D,109.7,227.4,3,0.1,Nihon,10
D,160.8,229.4,3,0.1,Nihon,10
D,163.6,209.4,3,0.1,Nihon,10
D,289.2,216.4,3,0.1,Nihon,10
D,185.5,236.2,3,0.1,Nihon,10
D,79.3,217,3,1,Nihon,11
D,83.2,219.6,3,1,Nihon,11
D,82.7,230.6,3,1,Nihon,11
D,102.4,203.1,3,1,Nihon,11
D,129.2,228.4,3,1,Nihon,11
D,94.9,230.6,3,1,Nihon,11
A,17.1,47.6,0,0,Poulenc,1
A,22.2,44.9,0,0,Poulenc,1
A,21.5,43.3,0,0,Poulenc,1
A,13.5,43.4,0,0,Poulenc,1
A,18.2,46.8,0,0,Poulenc,1
A,18.8,48.9,0,0,Poulenc,1
A,17.4,44.4,0,0,Poulenc,2
A,20.9,38.7,0,0,Poulenc,2
A,15.3,40.3,0,0,Poulenc,2
A,14.9,38.3,0,0,Poulenc,2
A,19.4,40.9,0,0,Poulenc,2
A,17.9,44.4,0,0,Poulenc,2
A,16.8,46.1,0.01,0,Poulenc,3
A,19,44,0.01,0,Poulenc,3
A,13.6,41.9,0.01,0,Poulenc,3
A,15.5,44.1,0.01,0,Poulenc,3
A,18.1,48.4,0.01,0,Poulenc,3
A,21,45.5,0.01,0,Poulenc,3
A,20.3,48.8,0.03,0,Poulenc,4
A,20.8,39.6,0.03,0,Poulenc,4
A,14,42.1,0.03,0,Poulenc,4
A,17.8,41.8,0.03,0,Poulenc,4
A,20.9,51.1,0.03,0,Poulenc,4
A,15.1,43.8,0.03,0,Poulenc,4
A,22.2,41.8,0.1,0,Poulenc,5
A,20.6,45.4,0.1,0,Poulenc,5
A,13.7,42.2,0.1,0,Poulenc,5
A,17.4,45.2,0.1,0,Poulenc,5
A,14.9,40.1,0.1,0,Poulenc,5
A,23.1,42.6,0.1,0,Poulenc,5
A,35.4,40.6,0.3,0,Poulenc,6
A,24.6,40.8,0.3,0,Poulenc,6
A,44.5,41,0.3,0,Poulenc,6
A,28.5,40.5,0.3,0,Poulenc,6
A,31.3,45.1,0.3,0,Poulenc,6
A,29.8,44,0.3,0,Poulenc,6
A,53.3,39.8,1,0,Poulenc,7
A,62.7,39.7,1,0,Poulenc,7
A,46,49,1,0,Poulenc,7
A,57.4,44.3,1,0,Poulenc,7
A,52.3,46.6,1,0,Poulenc,7
A,56,45.2,1,0,Poulenc,7
A,75.2,37,3,0,Poulenc,8
A,52.2,33.5,3,0,Poulenc,8
A,60.7,40.3,3,0,Poulenc,8
A,68.7,40.2,3,0,Poulenc,8
A,80.2,43.7,3,0,Poulenc,8
A,78.2,46.2,3,0,Poulenc,8
A,88.2,46.7,10,0,Poulenc,9
A,69.2,34.8,10,0,Poulenc,9
A,83.8,44.2,10,0,Poulenc,9
A,68.5,37.6,10,0,Poulenc,9
A,87.8,48.6,10,0,Poulenc,9
A,70.9,47.2,10,0,Poulenc,9
A,76.9,38.1,3,0.1,Poulenc,10
A,75.4,43.1,3,0.1,Poulenc,10
A,72.5,37.7,3,0.1,Poulenc,10
A,63.8,42.3,3,0.1,Poulenc,10
A,72.7,44,3,0.1,Poulenc,10
A,83.1,43.1,3,0.1,Poulenc,10
A,24,41.5,3,1,Poulenc,11
A,33,36,3,1,Poulenc,11
A,24.2,41.1,3,1,Poulenc,11
A,33.3,40.4,3,1,Poulenc,11
A,32.8,41.8,3,1,Poulenc,11
A,35.1,44,3,1,Poulenc,11
A,32.9,57.6,0,0,Sumitomo,1
A,32.3,61.5,0,0,Sumitomo,1
A,28.5,57.6,0,0,Sumitomo,1
A,26.8,53.6,0,0,Sumitomo,1
A,36.3,61.1,0,0,Sumitomo,1
A,29.9,64.8,0,0,Sumitomo,1
A,31.7,58.4,0,0,Sumitomo,2
A,29,54.2,0,0,Sumitomo,2
A,27.6,55,0,0,Sumitomo,2
A,33,57.2,0,0,Sumitomo,2
A,36.1,68.6,0,0,Sumitomo,2
A,31.3,59.1,0,0,Sumitomo,2
A,27.9,55.1,0.01,0,Sumitomo,3
A,36.4,61.1,0.01,0,Sumitomo,3
A,28.7,64.4,0.01,0,Sumitomo,3
A,25.7,58.5,0.01,0,Sumitomo,3
A,30.4,59.1,0.01,0,Sumitomo,3
A,26.9,59.7,0.01,0,Sumitomo,3
A,30.9,65.3,0.03,0,Sumitomo,4
A,28.1,60.7,0.03,0,Sumitomo,4
A,31.1,57.7,0.03,0,Sumitomo,4
A,28.4,58.4,0.03,0,Sumitomo,4
A,28.8,51.6,0.03,0,Sumitomo,4
A,27.7,58.2,0.03,0,Sumitomo,4
A,28.2,54.8,0.1,0,Sumitomo,5
A,29.4,54.1,0.1,0,Sumitomo,5
A,30.3,61,0.1,0,Sumitomo,5
A,30.6,59.7,0.1,0,Sumitomo,5
A,31.1,58.3,0.1,0,Sumitomo,5
A,33.8,59.4,0.1,0,Sumitomo,5
A,46.1,52.5,0.3,0,Sumitomo,6
A,34.1,64.2,0.3,0,Sumitomo,6
A,32.8,57.6,0.3,0,Sumitomo,6
A,39.4,59.5,0.3,0,Sumitomo,6
A,58.3,60,0.3,0,Sumitomo,6
A,36.7,54.6,0.3,0,Sumitomo,6
A,79.2,59.2,1,0,Sumitomo,7
A,47.2,52.9,1,0,Sumitomo,7
A,73.6,63,1,0,Sumitomo,7
A,107.3,57.3,1,0,Sumitomo,7
A,86.3,58.5,1,0,Sumitomo,7
A,54.6,63.2,1,0,Sumitomo,7
A,125.1,58.8,3,0,Sumitomo,8
A,105.5,54.6,3,0,Sumitomo,8
A,121.7,59.5,3,0,Sumitomo,8
A,143.5,57.5,3,0,Sumitomo,8
A,85.7,64.4,3,0,Sumitomo,8
A,121.6,59,3,0,Sumitomo,8
A,157.1,58.1,10,0,Sumitomo,9
A,127.3,55.6,10,0,Sumitomo,9
A,155.6,55.2,10,0,Sumitomo,9
A,141.1,52.7,10,0,Sumitomo,9
A,145.7,56.8,10,0,Sumitomo,9
A,127.3,56.8,10,0,Sumitomo,9
A,110.5,59.6,3,0.1,Sumitomo,10
A,118.8,58.1,3,0.1,Sumitomo,10
A,115.8,56.5,3,0.1,Sumitomo,10
A,126.5,58.2,3,0.1,Sumitomo,10
A,117.3,59.8,3,0.1,Sumitomo,10
A,110.1,54.6,3,0.1,Sumitomo,10
A,46.7,59.9,3,1,Sumitomo,11
A,45.6,62.8,3,1,Sumitomo,11
A,62.6,54.3,3,1,Sumitomo,11
A,57.9,58,3,1,Sumitomo,11
A,54.2,62.3,3,1,Sumitomo,11
A,46.9,59.7,3,1,Sumitomo,11
B,26.7,56.9,0,0,Sumitomo,1
B,30.3,60.3,0,0,Sumitomo,1
B,29.6,56.1,0,0,Sumitomo,1
B,34.2,65.4,0,0,Sumitomo,1
B,34.8,59.9,0,0,Sumitomo,1
B,24.1,59,0,0,Sumitomo,1
B,26.3,60.5,0,0,Sumitomo,2
B,26.8,59.1,0,0,Sumitomo,2
B,27.5,52.5,0,0,Sumitomo,2
B,31.4,61.5,0,0,Sumitomo,2
B,26.2,61.3,0,0,Sumitomo,2
B,25.6,53.5,0,0,Sumitomo,2
B,26.1,61.8,0.01,0,Sumitomo,3
B,26.4,55.6,0.01,0,Sumitomo,3
B,35.3,62.2,0.01,0,Sumitomo,3
B,26.8,51.7,0.01,0,Sumitomo,3
B,23.6,57.9,0.01,0,Sumitomo,3
B,33.3,63.2,0.01,0,Sumitomo,3
B,31.9,59.8,0.03,0,Sumitomo,4
B,32.9,64.3,0.03,0,Sumitomo,4
B,29.4,53.3,0.03,0,Sumitomo,4
B,37.4,63.4,0.03,0,Sumitomo,4
B,33.1,56.7,0.03,0,Sumitomo,4
B,37,46.2,0.03,0,Sumitomo,4
B,26,55.5,0.1,0,Sumitomo,5
B,28.5,56.8,0.1,0,Sumitomo,5
B,30.4,60.1,0.1,0,Sumitomo,5
B,30,53.3,0.1,0,Sumitomo,5
B,39.2,52.6,0.1,0,Sumitomo,5
B,29.6,58.9,0.1,0,Sumitomo,5
B,67.3,60.9,0.3,0,Sumitomo,6
B,102.6,54.4,0.3,0,Sumitomo,6
B,87.9,55.4,0.3,0,Sumitomo,6
B,76.6,57.8,0.3,0,Sumitomo,6
B,90.3,63.4,0.3,0,Sumitomo,6
B,59.5,58.2,0.3,0,Sumitomo,6
B,147.7,62.5,1,0,Sumitomo,7
B,133.1,55,1,0,Sumitomo,7
B,139.6,54.2,1,0,Sumitomo,7
B,123.1,61.6,1,0,Sumitomo,7
B,117.4,60.7,1,0,Sumitomo,7
B,129.7,51.1,1,0,Sumitomo,7
B,150.1,59.7,3,0,Sumitomo,8
B,151.6,57.4,3,0,Sumitomo,8
B,150.1,58.6,3,0,Sumitomo,8
B,163.5,58.8,3,0,Sumitomo,8
B,143,57.3,3,0,Sumitomo,8
B,175.1,55.4,3,0,Sumitomo,8
B,144.5,51.7,10,0,Sumitomo,9
B,168.7,54.9,10,0,Sumitomo,9
B,169.9,53.6,10,0,Sumitomo,9
B,175.1,51.5,10,0,Sumitomo,9
B,162.5,58.4,10,0,Sumitomo,9
B,155.4,54,10,0,Sumitomo,9
B,119.5,61.3,3,0.1,Sumitomo,10
B,107.5,58.4,3,0.1,Sumitomo,10
B,109.9,55.4,3,0.1,Sumitomo,10
B,97.3,53.7,3,0.1,Sumitomo,10
B,88.1,57.9,3,0.1,Sumitomo,10
B,76,51.3,3,0.1,Sumitomo,10
B,25.8,59.3,3,1,Sumitomo,11
B,27.1,59.6,3,1,Sumitomo,11
B,26.8,54.5,3,1,Sumitomo,11
B,29,61.9,3,1,Sumitomo,11
B,22.8,52.5,3,1,Sumitomo,11
B,31.9,59.9,3,1,Sumitomo,11
C,85.7,192.7,0,0,Sumitomo,1
C,111,209.8,0,0,Sumitomo,1
C,103.2,208.1,0,0,Sumitomo,1
C,111.3,236.3,0,0,Sumitomo,1
C,111.9,210.4,0,0,Sumitomo,1
C,112.2,221.5,0,0,Sumitomo,1
C,119.8,198,0,0,Sumitomo,2
C,113,236.1,0,0,Sumitomo,2
C,139.3,220.9,0,0,Sumitomo,2
C,136.6,214.3,0,0,Sumitomo,2
C,127.1,235.6,0,0,Sumitomo,2
C,89.1,194.4,0,0,Sumitomo,2
C,125,209.2,0.01,0,Sumitomo,3
C,109.1,223.4,0.01,0,Sumitomo,3
C,126.8,208.8,0.01,0,Sumitomo,3
C,119.3,212.8,0.01,0,Sumitomo,3
C,119.6,221.1,0.01,0,Sumitomo,3
C,115.9,217,0.01,0,Sumitomo,3
C,117.5,230.9,0.03,0,Sumitomo,4
C,112.9,223.3,0.03,0,Sumitomo,4
C,133.9,198.4,0.03,0,Sumitomo,4
C,112,213.6,0.03,0,Sumitomo,4
C,110.4,213.3,0.03,0,Sumitomo,4
C,103.4,213.3,0.03,0,Sumitomo,4
C,131.5,190.9,0.1,0,Sumitomo,5
C,124.2,220.7,0.1,0,Sumitomo,5
C,116.4,218,0.1,0,Sumitomo,5
C,104.4,229.6,0.1,0,Sumitomo,5
C,122.7,217,0.1,0,Sumitomo,5
C,141.6,204.1,0.1,0,Sumitomo,5
C,246,210.6,0.3,0,Sumitomo,6
C,241.4,204.6,0.3,0,Sumitomo,6
C,185.9,203.3,0.3,0,Sumitomo,6
C,242.8,217.2,0.3,0,Sumitomo,6
C,190.1,222.6,0.3,0,Sumitomo,6
C,198.7,204,0.3,0,Sumitomo,6
C,369.5,211.9,1,0,Sumitomo,7
C,350.8,199,1,0,Sumitomo,7
C,388.3,205.9,1,0,Sumitomo,7
C,359.4,211.7,1,0,Sumitomo,7
C,325.1,200.1,1,0,Sumitomo,7
C,314.8,219.9,1,0,Sumitomo,7
C,416.9,208.1,3,0,Sumitomo,8
C,392.7,199.1,3,0,Sumitomo,8
C,364,217,3,0,Sumitomo,8
C,398.3,192.2,3,0,Sumitomo,8
C,344.7,204.5,3,0,Sumitomo,8
C,391.7,185.6,3,0,Sumitomo,8
C,357.2,186.1,10,0,Sumitomo,9
C,468.3,205.3,10,0,Sumitomo,9
C,387.2,196.8,10,0,Sumitomo,9
C,448.9,197.9,10,0,Sumitomo,9
C,396,189.8,10,0,Sumitomo,9
C,368.3,185.6,10,0,Sumitomo,9
C,191.2,201.9,3,0.1,Sumitomo,10
C,209.3,213.3,3,0.1,Sumitomo,10
C,181.5,226.4,3,0.1,Sumitomo,10
C,172.5,219.5,3,0.1,Sumitomo,10
C,165,189.9,3,0.1,Sumitomo,10
C,174.2,210.8,3,0.1,Sumitomo,10
C,129.9,203.9,3,1,Sumitomo,11
C,130.8,205.1,3,1,Sumitomo,11
C,137,212.2,3,1,Sumitomo,11
C,121,208.6,3,1,Sumitomo,11
C,99.5,192.3,3,1,Sumitomo,11
C,129.2,199.9,3,1,Sumitomo,11
A,21,42.5,0,0,TNO,1
A,28,38.1,0,0,TNO,1
A,30,41.6,0,0,TNO,1
A,22,40.4,0,0,TNO,1
A,24,40.5,0,0,TNO,1
A,24,41.7,0,0,TNO,1
A,18,37.9,0,0,TNO,2
A,24,38.7,0,0,TNO,2
A,28,41.3,0,0,TNO,2
A,33,37.5,0,0,TNO,2
A,26,38.5,0,0,TNO,2
A,26,40.3,0.01,0,TNO,3
A,24,39.2,0.01,0,TNO,3
A,28,41.9,0.01,0,TNO,3
A,32,41.7,0.01,0,TNO,3
A,33,40.3,0.01,0,TNO,3
A,21,40.5,0.01,0,TNO,3
A,16,39.3,0.03,0,TNO,4
A,25,42,0.03,0,TNO,4
A,29,42.1,0.03,0,TNO,4
A,32,41.6,0.03,0,TNO,4
A,28,39.9,0.03,0,TNO,4
A,33,39.4,0.03,0,TNO,4
A,39,38.5,0.1,0,TNO,5
A,22,43.1,0.1,0,TNO,5
A,23,39.5,0.1,0,TNO,5
A,23,39.1,0.1,0,TNO,5
A,29,39.7,0.1,0,TNO,5
A,20,38.5,0.1,0,TNO,5
A,27,38.8,0.3,0,TNO,6
A,31,36.8,0.3,0,TNO,6
A,30,40.3,0.3,0,TNO,6
A,26,39.5,0.3,0,TNO,6
A,37,36.6,0.3,0,TNO,6
A,25,37.9,0.3,0,TNO,6
A,50,38.1,1,0,TNO,7
A,61,38.3,1,0,TNO,7
A,61,38.3,1,0,TNO,7
A,60,37.7,1,0,TNO,7
A,75,34.8,1,0,TNO,7
A,86,37.3,1,0,TNO,7
A,117,36.5,3,0,TNO,8
A,115,38,3,0,TNO,8
A,100,39.2,3,0,TNO,8
A,110,41.3,3,0,TNO,8
A,99,37,3,0,TNO,8
A,107,38,3,0,TNO,8
A,127,40.9,10,0,TNO,9
A,148,43.8,10,0,TNO,9
A,130,40.1,10,0,TNO,9
A,106,40.4,10,0,TNO,9
A,122,37.9,10,0,TNO,9
A,123,35.9,10,0,TNO,9
A,102,41.9,3,0.1,TNO,10
A,108,39.3,3,0.1,TNO,10
A,101,38.4,3,0.1,TNO,10
A,107,38.2,3,0.1,TNO,10
A,98,36.1,3,0.1,TNO,10
A,128,37,3,0.1,TNO,10
A,45,35.6,3,1,TNO,11
A,59,38,3,1,TNO,11
A,70,40,3,1,TNO,11
A,38,40.1,3,1,TNO,11
A,62,35.7,3,1,TNO,11
A,48,37.6,3,1,TNO,11
B,25,42.3,0,0,TNO,1
B,19,39.2,0,0,TNO,1
B,28,44,0,0,TNO,1
B,21,41.4,0,0,TNO,1
B,27,41.8,0,0,TNO,1
B,39,42.4,0,0,TNO,1
B,17,42.9,0,0,TNO,2
B,22,42.8,0,0,TNO,2
B,35,44.2,0,0,TNO,2
B,25,42.9,0,0,TNO,2
B,34,40.8,0,0,TNO,2
B,22,44,0,0,TNO,2
B,27,43.2,0.01,0,TNO,3
B,30,43.5,0.01,0,TNO,3
B,33,43.9,0.01,0,TNO,3
B,29,41.1,0.01,0,TNO,3
B,28,44.8,0.01,0,TNO,3
B,29,38.9,0.01,0,TNO,3
B,34,45.9,0.03,0,TNO,4
B,29,43.1,0.03,0,TNO,4
B,25,43.5,0.03,0,TNO,4
B,20,41.4,0.03,0,TNO,4
B,29,46.2,0.03,0,TNO,4
B,33,40.9,0.03,0,TNO,4
B,18,40,0.1,0,TNO,5
B,25,40,0.1,0,TNO,5
B,25,40.8,0.1,0,TNO,5
B,29,46.3,0.1,0,TNO,5
B,32,41.4,0.1,0,TNO,5
B,35,39.3,0.1,0,TNO,5
B,59,44.4,0.3,0,TNO,6
B,51,43.3,0.3,0,TNO,6
B,68,40.2,0.3,0,TNO,6
B,69,42.9,0.3,0,TNO,6
B,58,41.7,0.3,0,TNO,6
B,56,38.3,0.3,0,TNO,6
B,113,44,1,0,TNO,7
B,120,44.1,1,0,TNO,7
B,129,42.8,1,0,TNO,7
B,118,43.1,1,0,TNO,7
B,144,39.5,1,0,TNO,7
B,92,40.5,1,0,TNO,7
B,147,41.2,3,0,TNO,8
B,152,43.5,3,0,TNO,8
B,120,45.5,3,0,TNO,8
B,163,43.8,3,0,TNO,8
B,123,37.3,3,0,TNO,8
B,125,41.8,3,0,TNO,8
B,165,42.4,10,0,TNO,9
B,163,42.2,10,0,TNO,9
B,141,44.1,10,0,TNO,9
B,151,42.3,10,0,TNO,9
B,152,41.1,10,0,TNO,9
B,161,45.7,10,0,TNO,9
B,127,42.5,3,0.1,TNO,10
B,176,42.5,3,0.1,TNO,10
B,154,39.6,3,0.1,TNO,10
B,127,44.8,3,0.1,TNO,10
B,132,39.7,3,0.1,TNO,10
B,150,40.2,3,0.1,TNO,10
B,50,41.1,3,1,TNO,11
B,52,41.6,3,1,TNO,11
B,41,44.5,3,1,TNO,11
B,45,38.4,3,1,TNO,11
B,38,38.3,3,1,TNO,11
B,56,43.4,3,1,TNO,11
A,24.6,41.2,0,0,WIL,1
A,20.3,42.1,0,0,WIL,1
A,28.1,45.7,0,0,WIL,1
A,25.1,43.1,0,0,WIL,1
A,30.5,50.5,0,0,WIL,1
A,29,48.6,0,0,WIL,1
A,24.1,40.8,0,0,WIL,2
A,37.4,46,0,0,WIL,2
A,39.1,46.6,0,0,WIL,2
A,14.5,52.3,0,0,WIL,2
A,36.5,50,0,0,WIL,2
A,24,47.7,0,0,WIL,2
A,12.4,54.8,0.01,0,WIL,3
A,29.2,48.5,0.01,0,WIL,3
A,42.8,47.9,0.01,0,WIL,3
A,32.9,47.8,0.01,0,WIL,3
A,38.2,48.4,0.01,0,WIL,3
A,43,43.2,0.01,0,WIL,3
A,26.5,46.2,0.03,0,WIL,4
A,35,47.8,0.03,0,WIL,4
A,38,48.4,0.03,0,WIL,4
A,28.4,44.4,0.03,0,WIL,4
A,32.8,48.3,0.03,0,WIL,4
A,27.6,42.8,0.03,0,WIL,4
A,39.6,51.7,0.1,0,WIL,5
A,64.1,49.9,0.1,0,WIL,5
A,29.3,48,0.1,0,WIL,5
A,24.1,48.9,0.1,0,WIL,5
A,38.1,49.1,0.1,0,WIL,5
A,36.8,40.7,0.1,0,WIL,5
A,37.3,46.5,0.3,0,WIL,6
A,28.8,48.2,0.3,0,WIL,6
A,33.4,47,0.3,0,WIL,6
A,12,51.7,0.3,0,WIL,6
A,30.3,47,0.3,0,WIL,6
A,30.9,41.3,0.3,0,WIL,6
A,48.8,44.4,1,0,WIL,7
A,53.4,48.9,1,0,WIL,7
A,41.5,52.3,1,0,WIL,7
A,49.3,51.1,1,0,WIL,7
A,61.5,51.3,1,0,WIL,7
A,67.3,42.3,1,0,WIL,7
A,97.8,45.3,3,0,WIL,8
A,90.1,44.3,3,0,WIL,8
A,93.4,50.1,3,0,WIL,8
A,89.6,51.7,3,0,WIL,8
A,99.5,46.5,3,0,WIL,8
A,101.6,44,3,0,WIL,8
A,122.4,46,10,0,WIL,9
A,109.3,41.3,10,0,WIL,9
A,114.5,50.5,10,0,WIL,9
A,122.2,48.6,10,0,WIL,9
A,112.8,49.9,10,0,WIL,9
A,135.6,44,10,0,WIL,9
A,80.8,48.3,3,0.1,WIL,10
A,88.7,45.8,3,0.1,WIL,10
A,94.7,51.6,3,0.1,WIL,10
A,87.5,53,3,0.1,WIL,10
A,88.9,46,3,0.1,WIL,10
A,120.4,44,3,0.1,WIL,10
A,49.7,44.7,3,1,WIL,11
A,47.5,43.2,3,1,WIL,11
A,41,49,3,1,WIL,11
A,49.7,50.7,3,1,WIL,11
A,43.5,47.4,3,1,WIL,11
A,41.6,48.2,3,1,WIL,11
B,24.6,41.2,0,0,WIL,1
B,20.3,42.1,0,0,WIL,1
B,28.1,45.7,0,0,WIL,1
B,25.1,43.1,0,0,WIL,1
B,30.5,50.5,0,0,WIL,1
B,29,48.6,0,0,WIL,1
B,30.4,43.9,0,0,WIL,2
B,26.3,44.7,0,0,WIL,2
B,28,44.9,0,0,WIL,2
B,24.9,46.5,0,0,WIL,2
B,36.6,49.6,0,0,WIL,2
B,31.8,49.6,0,0,WIL,2
B,29.3,43.3,0.01,0,WIL,3
B,39.8,48,0.01,0,WIL,3
B,36.7,50.2,0.01,0,WIL,3
B,36.8,50.1,0.01,0,WIL,3
B,32,51.2,0.01,0,WIL,3
B,21.2,48.2,0.01,0,WIL,3
B,27.4,41,0.03,0,WIL,4
B,14.3,47.3,0.03,0,WIL,4
B,28.2,46.7,0.03,0,WIL,4
B,25.2,50.5,0.03,0,WIL,4
B,42.3,50.7,0.03,0,WIL,4
B,32.1,55.2,0.03,0,WIL,4
B,39.2,45.5,0.1,0,WIL,5
B,24.2,43.4,0.1,0,WIL,5
B,45.2,46.5,0.1,0,WIL,5
B,32.4,48.3,0.1,0,WIL,5
B,31.8,49.5,0.1,0,WIL,5
B,28.8,50.1,0.1,0,WIL,5
B,40.4,45.8,0.3,0,WIL,6
B,44.9,44.8,0.3,0,WIL,6
B,56.5,45.6,0.3,0,WIL,6
B,65,45.4,0.3,0,WIL,6
B,65.7,55.1,0.3,0,WIL,6
B,80.2,55.8,0.3,0,WIL,6
B,111.6,43.3,1,0,WIL,7
B,87.7,44.9,1,0,WIL,7
B,64.8,44.4,1,0,WIL,7
B,89.5,52.3,1,0,WIL,7
B,147.6,52.2,1,0,WIL,7
B,78.6,49.2,1,0,WIL,7
B,76.9,44.6,3,0,WIL,8
B,110.3,47.1,3,0,WIL,8
B,105.5,49.2,3,0,WIL,8
B,110.4,47.7,3,0,WIL,8
B,122.1,48,3,0,WIL,8
B,133.2,53.2,3,0,WIL,8
B,132.4,41.7,10,0,WIL,9
B,143.3,48.1,10,0,WIL,9
B,119.7,48.6,10,0,WIL,9
B,132.7,46.1,10,0,WIL,9
B,144.6,50.7,10,0,WIL,9
B,131,49.3,10,0,WIL,9
B,31.9,42.6,3,0.1,WIL,10
B,37.8,43.9,3,0.1,WIL,10
B,40.2,45.1,3,0.1,WIL,10
B,36.4,47.7,3,0.1,WIL,10
B,34,51.7,3,0.1,WIL,10
B,50.3,56.1,3,0.1,WIL,10
B,23.1,42.5,3,1,WIL,11
B,29.3,46.2,3,1,WIL,11
B,24.1,43.6,3,1,WIL,11
B,31.1,44.7,3,1,WIL,11
B,27.8,51,3,1,WIL,11
B,34,51.7,3,1,WIL,11
A,27.8,63,0,0,Zeneca,1
A,21.8,56.6,0,0,Zeneca,1
A,32.9,58.3,0,0,Zeneca,1
A,32.6,54.5,0,0,Zeneca,1
A,25.6,52,0,0,Zeneca,1
A,26.9,52.8,0,0,Zeneca,1
A,43.5,60.6,0,0,Zeneca,2
A,33.2,59.2,0,0,Zeneca,2
A,29.9,54.3,0,0,Zeneca,2
A,20.3,50.7,0,0,Zeneca,2
A,33.2,52.4,0,0,Zeneca,2
A,21.5,46.1,0,0,Zeneca,2
A,34.7,61.1,0.01,0,Zeneca,3
A,30.6,61,0.01,0,Zeneca,3
A,37.6,55.9,0.01,0,Zeneca,3
A,25.6,52.1,0.01,0,Zeneca,3
A,20.2,54.8,0.01,0,Zeneca,3
A,24.1,50.3,0.01,0,Zeneca,3
A,44.6,61.7,0.03,0,Zeneca,4
A,37.3,61.2,0.03,0,Zeneca,4
A,21.5,55.7,0.03,0,Zeneca,4
A,28.4,51,0.03,0,Zeneca,4
A,30.3,51.9,0.03,0,Zeneca,4
A,28.6,46.8,0.03,0,Zeneca,4
A,25.7,61.4,0.1,0,Zeneca,5
A,40.9,59.3,0.1,0,Zeneca,5
A,30.9,54.2,0.1,0,Zeneca,5
A,22.1,52.5,0.1,0,Zeneca,5
A,26.1,50.6,0.1,0,Zeneca,5
A,30.8,50.1,0.1,0,Zeneca,5
A,54,62.2,0.3,0,Zeneca,6
A,26.3,59.3,0.3,0,Zeneca,6
A,38.8,58.1,0.3,0,Zeneca,6
A,29.8,51.1,0.3,0,Zeneca,6
A,30.8,51.8,0.3,0,Zeneca,6
A,33.2,52,0.3,0,Zeneca,6
A,39.8,63.2,1,0,Zeneca,7
A,44.6,62.2,1,0,Zeneca,7
A,46.1,56.8,1,0,Zeneca,7
A,79.5,54,1,0,Zeneca,7
A,58.1,52.9,1,0,Zeneca,7
A,91.6,44.3,1,0,Zeneca,7
A,71.9,64,3,0,Zeneca,8
A,130.9,59.7,3,0,Zeneca,8
A,100.2,57.7,3,0,Zeneca,8
A,86.3,54.4,3,0,Zeneca,8
A,87.4,49.9,3,0,Zeneca,8
A,92.1,47,3,0,Zeneca,8
A,124.1,62.9,10,0,Zeneca,9
A,130.9,58.6,10,0,Zeneca,9
A,101.6,59.6,10,0,Zeneca,9
A,103.2,51.4,10,0,Zeneca,9
A,137,47.8,10,0,Zeneca,9
A,105.9,50.1,10,0,Zeneca,9
A,112.6,60.6,3,0.1,Zeneca,10
A,94.2,59.1,3,0.1,Zeneca,10
A,80.5,52.9,3,0.1,Zeneca,10
A,101.9,56.9,3,0.1,Zeneca,10
A,114.3,54.4,3,0.1,Zeneca,10
A,96.1,45.8,3,0.1,Zeneca,10
A,38.8,65.9,3,1,Zeneca,11
A,36.2,56.4,3,1,Zeneca,11
A,51.7,55.9,3,1,Zeneca,11
A,36.8,52.6,3,1,Zeneca,11
A,29.1,50.4,3,1,Zeneca,11
A,36.1,47.5,3,1,Zeneca,11
B,29.2,60.6,0,0,Zeneca,1
B,24.6,57.6,0,0,Zeneca,1
B,18.1,54,0,0,Zeneca,1
B,21.3,55.2,0,0,Zeneca,1
B,27.5,53.4,0,0,Zeneca,1
B,20.8,50.1,0,0,Zeneca,1
B,25.5,62,0,0,Zeneca,2
B,26.6,57.9,0,0,Zeneca,2
B,31.4,54.8,0,0,Zeneca,2
B,23.3,53.5,0,0,Zeneca,2
B,27.6,50,0,0,Zeneca,2
B,28.8,50.9,0,0,Zeneca,2
B,26.6,61.6,0.01,0,Zeneca,3
B,27.2,58.8,0.01,0,Zeneca,3
B,31.4,55.2,0.01,0,Zeneca,3
B,24,57.2,0.01,0,Zeneca,3
B,25.4,50.8,0.01,0,Zeneca,3
B,23.8,48.4,0.01,0,Zeneca,3
B,25.6,61.6,0.03,0,Zeneca,4
B,27.3,60,0.03,0,Zeneca,4
B,23.6,56.2,0.03,0,Zeneca,4
B,28,53.3,0.03,0,Zeneca,4
B,28.2,51.3,0.03,0,Zeneca,4
B,30.4,46.5,0.03,0,Zeneca,4
B,42.3,61.7,0.1,0,Zeneca,5
B,42.4,59.7,0.1,0,Zeneca,5
B,34.1,56.6,0.1,0,Zeneca,5
B,31.5,52.4,0.1,0,Zeneca,5
B,26.7,52.5,0.1,0,Zeneca,5
B,30.7,52,0.1,0,Zeneca,5
B,58.3,62.1,0.3,0,Zeneca,6
B,66.8,57.8,0.3,0,Zeneca,6
B,62.4,54.9,0.3,0,Zeneca,6
B,57.8,51.9,0.3,0,Zeneca,6
B,57.4,52.2,0.3,0,Zeneca,6
B,62.5,47.7,0.3,0,Zeneca,6
B,102.7,62.5,1,0,Zeneca,7
B,122.2,61.9,1,0,Zeneca,7
B,96.1,53.2,1,0,Zeneca,7
B,107.2,52.2,1,0,Zeneca,7
B,130,52,1,0,Zeneca,7
B,116.8,46.6,1,0,Zeneca,7
B,109.3,66.6,3,0,Zeneca,8
B,144.3,58.9,3,0,Zeneca,8
B,124.2,55.4,3,0,Zeneca,8
B,117.9,51.7,3,0,Zeneca,8
B,97.2,53.8,3,0,Zeneca,8
B,124.5,50.4,3,0,Zeneca,8
B,135.8,60.7,10,0,Zeneca,9
B,144.2,61.3,10,0,Zeneca,9
B,139.8,55.9,10,0,Zeneca,9
B,109.3,51.1,10,0,Zeneca,9
B,107.7,49.3,10,0,Zeneca,9
B,113.5,50,10,0,Zeneca,9
B,60.2,62.3,3,0.1,Zeneca,10
B,59.1,62.8,3,0.1,Zeneca,10
B,58.8,53.9,3,0.1,Zeneca,10
B,49,50.6,3,0.1,Zeneca,10
B,44.5,53.6,3,0.1,Zeneca,10
B,54.2,51.4,3,0.1,Zeneca,10
B,20.5,64.2,3,1,Zeneca,11
B,23,58.9,3,1,Zeneca,11
B,20.9,56.6,3,1,Zeneca,11
B,26.2,53.5,3,1,Zeneca,11
B,19.2,51.7,3,1,Zeneca,11
B,17.9,48.2,3,1,Zeneca,11
C,80.4,321,0,0,Zeneca,1
C,83.1,310,0,0,Zeneca,1
C,79.8,304,0,0,Zeneca,1
C,82,284,0,0,Zeneca,1
C,99.4,279,0,0,Zeneca,1
C,79,255,0,0,Zeneca,1
C,88,341,0,0,Zeneca,2
C,91.5,317,0,0,Zeneca,2
C,61.9,297,0,0,Zeneca,2
C,79.5,283,0,0,Zeneca,2
C,77.9,274,0,0,Zeneca,2
C,76.5,258,0,0,Zeneca,2
C,79,319,0.01,0,Zeneca,3
C,92.1,313,0.01,0,Zeneca,3
C,99.3,303,0.01,0,Zeneca,3
C,89.6,294,0.01,0,Zeneca,3
C,83.5,290,0.01,0,Zeneca,3
C,82.8,276,0.01,0,Zeneca,3
C,91,316,0.03,0,Zeneca,4
C,96.7,317,0.03,0,Zeneca,4
C,95.1,294,0.03,0,Zeneca,4
C,77.1,296,0.03,0,Zeneca,4
C,79.8,274,0.03,0,Zeneca,4
C,82.6,257,0.03,0,Zeneca,4
C,111.1,335,0.1,0,Zeneca,5
C,115,319,0.1,0,Zeneca,5
C,101.1,301,0.1,0,Zeneca,5
C,114.7,287,0.1,0,Zeneca,5
C,99.7,270,0.1,0,Zeneca,5
C,88.9,234,0.1,0,Zeneca,5
C,222,322,0.3,0,Zeneca,6
C,192.9,325,0.3,0,Zeneca,6
C,226.1,305,0.3,0,Zeneca,6
C,218.8,296,0.3,0,Zeneca,6
C,207.7,266,0.3,0,Zeneca,6
C,199.3,246,0.3,0,Zeneca,6
C,284.9,328,1,0,Zeneca,7
C,293.5,306,1,0,Zeneca,7
C,280.3,301,1,0,Zeneca,7
C,277.9,280,1,0,Zeneca,7
C,259.9,265,1,0,Zeneca,7
C,329.6,247,1,0,Zeneca,7
C,251.4,305,3,0,Zeneca,8
C,256.1,299,3,0,Zeneca,8
C,292.8,289,3,0,Zeneca,8
C,285.7,269,3,0,Zeneca,8
C,265.8,268,3,0,Zeneca,8
C,221.4,252,3,0,Zeneca,8
C,292.7,310,10,0,Zeneca,9
C,257.7,294,10,0,Zeneca,9
C,268.2,292,10,0,Zeneca,9
C,283.5,270,10,0,Zeneca,9
C,205.2,264,10,0,Zeneca,9
C,335.1,243,10,0,Zeneca,9
C,236.2,304,3,0.1,Zeneca,10
C,202.8,295,3,0.1,Zeneca,10
C,167.9,281,3,0.1,Zeneca,10
C,230.3,288,3,0.1,Zeneca,10
C,204.5,273,3,0.1,Zeneca,10
C,182.4,250,3,0.1,Zeneca,10
C,155.8,329,3,1,Zeneca,11
C,121.3,312,3,1,Zeneca,11
C,129,299,3,1,Zeneca,11
C,112.5,285,3,1,Zeneca,11
C,115.5,272,3,1,Zeneca,11
C,98.4,261,3,1,Zeneca,11
