org,year,survey,bush,state,edu,age,female,black,weight
cbsnyt,7,9158,NA,CT,SomeColl,18to29,1,0,923
cbsnyt,7,9158,1,PA,Bacc,30to44,1,0,558
cbsnyt,7,9158,0,NJ,HS,65plus,1,0,448
cbsnyt,7,9158,0,CT,SomeColl,18to29,1,0,923
cbsnyt,7,9158,1,NY,HS,30to44,1,0,403
cbsnyt,7,9158,1,NY,Bacc,65plus,1,0,317
cbsnyt,7,9158,1,PA,HS,30to44,0,0,1532
cbsnyt,7,9158,1,ME,HS,65plus,1,0,896
cbsnyt,7,9158,0,NY,Bacc,45to64,0,0,884
cbsnyt,7,9158,0,RI,NoHS,45to64,0,0,4091
cbsnyt,7,9158,0,NJ,Bacc,30to44,1,0,279
cbsnyt,7,9158,1,NY,SomeColl,65plus,1,0,1212
cbsnyt,7,9158,1,NY,Bacc,30to44,1,0,279
cbsnyt,7,9158,0,NJ,Bacc,30to44,1,0,558
cbsnyt,7,9158,0,MA,Bacc,30to44,1,0,558
cbsnyt,7,9158,NA,CT,HS,18to29,1,1,1654
cbsnyt,7,9158,1,NJ,HS,65plus,0,0,568
cbsnyt,7,9158,1,PA,NoHS,65plus,0,0,2691
cbsnyt,7,9158,0,NJ,HS,18to29,1,0,560
cbsnyt,7,9158,0,NY,SomeColl,30to44,0,0,768
cbsnyt,7,9158,0,NY,SomeColl,65plus,1,0,541
cbsnyt,7,9158,0,CT,HS,18to29,0,0,1422
cbsnyt,7,9158,1,PA,HS,45to64,0,0,1069
cbsnyt,7,9158,0,NY,Bacc,30to44,0,0,708
cbsnyt,7,9158,1,NY,Bacc,30to44,0,0,708
cbsnyt,7,9158,0,MA,Bacc,45to64,1,0,697
cbsnyt,7,9158,1,NJ,HS,18to29,0,0,711
cbsnyt,7,9158,1,NJ,Bacc,45to64,1,0,697
cbsnyt,7,9158,0,NJ,SomeColl,65plus,1,0,361
cbsnyt,7,9158,0,MA,NoHS,30to44,0,0,2336
cbsnyt,7,9158,0,NY,HS,45to64,1,0,843
cbsnyt,7,9158,0,TX,NoHS,65plus,0,0,2642
cbsnyt,7,9158,0,MA,SomeColl,30to44,0,0,384
cbsnyt,7,9158,0,PA,Bacc,30to44,0,0,708
cbsnyt,7,9158,0,NY,SomeColl,18to29,0,0,2341
cbsnyt,7,9158,0,FL,HS,30to44,1,0,790
cbsnyt,7,9158,1,NJ,NoHS,65plus,1,0,1061
cbsnyt,7,9158,1,AR,HS,45to64,1,0,1655
cbsnyt,7,9158,1,NJ,HS,45to64,1,0,421
cbsnyt,7,9158,0,TX,Bacc,45to64,0,0,868
cbsnyt,7,9158,1,IL,HS,30to44,1,0,804
cbsnyt,7,9158,1,SC,Bacc,45to64,0,0,868
cbsnyt,7,9158,1,MA,Bacc,18to29,1,0,664
cbsnyt,7,9158,1,FL,NoHS,18to29,0,0,1396
cbsnyt,7,9158,1,SC,Bacc,30to44,1,0,548
cbsnyt,7,9158,1,PA,SomeColl,18to29,0,0,585
cbsnyt,7,9158,1,SC,Bacc,30to44,1,0,548
cbsnyt,7,9158,1,LA,HS,45to64,0,0,1574
cbsnyt,7,9158,0,IL,HS,30to44,1,0,804
cbsnyt,7,9158,NA,FL,HS,65plus,1,0,880
cbsnyt,7,9158,0,VA,Bacc,30to44,1,0,274
cbsnyt,7,9158,0,OK,NoHS,45to64,1,0,1056
cbsnyt,7,9158,0,MA,Bacc,18to29,1,0,664
cbsnyt,7,9158,1,NJ,NoHS,45to64,1,0,1075
cbsnyt,7,9158,0,GA,SomeColl,30to44,1,0,595
cbsnyt,7,9158,1,OH,SomeColl,18to29,0,0,1169
cbsnyt,7,9158,1,MN,HS,30to44,0,0,510
cbsnyt,7,9158,1,LA,HS,30to44,1,0,790
cbsnyt,7,9158,1,CT,SomeColl,30to44,0,0,768
cbsnyt,7,9158,1,MS,Bacc,18to29,0,0,826
cbsnyt,7,9158,0,DC,Bacc,30to44,1,1,809
cbsnyt,7,9158,0,VA,NoHS,65plus,1,0,1042
cbsnyt,7,9158,0,KS,NoHS,65plus,0,0,1344
cbsnyt,7,9158,0,MO,HS,30to44,1,0,402
cbsnyt,7,9158,0,WV,HS,30to44,1,0,790
cbsnyt,7,9158,1,IL,Bacc,30to44,0,0,707
cbsnyt,7,9158,0,KY,SomeColl,30to44,1,0,595
cbsnyt,7,9158,0,MD,Bacc,30to44,1,0,274
cbsnyt,7,9158,NA,WI,Bacc,30to44,1,0,558
cbsnyt,7,9158,1,OK,Bacc,45to64,1,0,342
cbsnyt,7,9158,1,SC,HS,18to29,0,1,4446
cbsnyt,7,9158,1,GA,SomeColl,18to29,1,0,906
cbsnyt,7,9158,1,TN,SomeColl,30to44,1,0,595
cbsnyt,7,9158,0,IL,Bacc,45to64,0,0,221
cbsnyt,7,9158,1,NY,HS,18to29,0,0,2132
cbsnyt,7,9158,1,MS,HS,18to29,0,0,698
cbsnyt,7,9158,1,WV,SomeColl,30to44,1,0,595
cbsnyt,7,9158,1,LA,Bacc,30to44,1,0,548
cbsnyt,7,9158,1,MS,HS,45to64,1,0,827
cbsnyt,7,9158,NA,VA,HS,45to64,1,0,827
cbsnyt,7,9158,NA,SC,NoHS,45to64,1,0,1056
cbsnyt,7,9158,1,TX,Bacc,30to44,0,0,695
cbsnyt,7,9158,1,TN,NoHS,45to64,0,0,4017
cbsnyt,7,9158,1,VA,SomeColl,30to44,0,0,755
cbsnyt,7,9158,0,IL,HS,30to44,0,0,1020
cbsnyt,7,9158,NA,MO,NoHS,45to64,0,0,1362
cbsnyt,7,9158,1,LA,HS,65plus,1,0,440
cbsnyt,7,9158,1,KS,NoHS,18to29,0,0,2130
cbsnyt,7,9158,1,NC,NoHS,45to64,1,0,2111
cbsnyt,7,9158,1,GA,HS,45to64,0,0,525
cbsnyt,7,9158,1,TX,Bacc,18to29,1,0,977
cbsnyt,7,9158,1,MN,Bacc,18to29,0,0,841
cbsnyt,7,9158,1,FL,HS,18to29,1,1,2436
cbsnyt,7,9158,0,FL,Bacc,65plus,1,0,623
cbsnyt,7,9158,1,IL,HS,18to29,1,0,1120
cbsnyt,7,9158,0,OH,SomeColl,18to29,0,0,1169
cbsnyt,7,9158,0,SC,HS,18to29,0,0,2094
cbsnyt,7,9158,0,GA,NoHS,45to64,0,0,2678
cbsnyt,7,9158,0,TX,SomeColl,45to64,1,1,249
cbsnyt,7,9158,0,GA,HS,18to29,1,0,1101
cbsnyt,7,9158,1,FL,SomeColl,30to44,0,0,755
cbsnyt,7,9158,0,TX,Bacc,30to44,0,0,348
cbsnyt,7,9158,0,IL,Bacc,30to44,1,0,418
cbsnyt,7,9158,0,WI,SomeColl,45to64,0,0,872
cbsnyt,7,9158,0,TX,HS,65plus,1,1,649
cbsnyt,7,9158,0,MD,HS,30to44,0,0,1003
cbsnyt,7,9158,1,MD,Bacc,45to64,0,0,868
cbsnyt,7,9158,0,TN,HS,65plus,1,0,440
cbsnyt,7,9158,0,KY,HS,18to29,1,0,1101
cbsnyt,7,9158,0,MI,HS,18to29,0,0,1420
cbsnyt,7,9158,1,MO,HS,30to44,1,0,1206
cbsnyt,7,9158,1,VA,NoHS,30to44,0,0,2294
cbsnyt,7,9158,1,LA,SomeColl,30to44,1,0,446
cbsnyt,7,9158,NA,MN,HS,18to29,1,0,1120
cbsnyt,7,9158,0,FL,HS,18to29,0,0,1396
cbsnyt,7,9158,1,NC,Bacc,45to64,0,0,868
cbsnyt,7,9158,1,TX,HS,45to64,1,0,827
cbsnyt,7,9158,0,FL,HS,30to44,0,1,1597
cbsnyt,7,9158,1,IN,Bacc,45to64,1,0,1392
cbsnyt,7,9158,NA,AR,HS,65plus,0,0,558
cbsnyt,7,9158,1,MS,SomeColl,18to29,0,0,1724
cbsnyt,7,9158,0,MI,HS,65plus,1,0,448
cbsnyt,7,9158,0,TX,SomeColl,18to29,1,0,906
cbsnyt,7,9158,1,NC,HS,30to44,1,0,790
cbsnyt,7,9158,1,NC,NoHS,18to29,1,0,550
cbsnyt,7,9158,1,TX,NoHS,65plus,1,0,1042
cbsnyt,7,9158,1,VA,SomeColl,18to29,1,0,906
cbsnyt,7,9158,1,WV,NoHS,45to64,1,0,2111
cbsnyt,7,9158,1,KY,NoHS,30to44,0,0,2294
cbsnyt,7,9158,1,FL,NoHS,30to44,0,0,1147
cbsnyt,7,9158,0,MI,HS,30to44,1,1,1187
cbsnyt,7,9158,0,FL,HS,30to44,0,0,501
cbsnyt,7,9158,0,MN,NoHS,65plus,0,0,5376
cbsnyt,7,9158,0,TX,NoHS,18to29,0,0,698
cbsnyt,7,9158,1,IL,Bacc,45to64,1,0,348
cbsnyt,7,9158,0,WV,HS,30to44,1,0,790
cbsnyt,7,9158,NA,MN,HS,65plus,1,0,448
cbsnyt,7,9158,0,FL,HS,30to44,0,1,798
cbsnyt,7,9158,1,TN,HS,65plus,1,0,880
cbsnyt,7,9158,1,AZ,SomeColl,30to44,1,0,996
cbsnyt,7,9158,0,ID,Bacc,30to44,1,0,612
cbsnyt,7,9158,0,TX,Bacc,45to64,1,0,684
cbsnyt,7,9158,1,IL,Bacc,65plus,1,0,634
cbsnyt,7,9158,1,TX,Bacc,65plus,1,0,623
cbsnyt,7,9158,1,OH,HS,30to44,1,0,804
cbsnyt,7,9158,1,MS,Bacc,30to44,1,0,548
cbsnyt,7,9158,1,WV,NoHS,65plus,1,0,2083
cbsnyt,7,9158,0,VA,Bacc,45to64,1,0,684
cbsnyt,7,9158,1,WA,HS,30to44,1,0,882
cbsnyt,7,9158,1,FL,Bacc,45to64,0,0,434
cbsnyt,7,9158,0,IA,Bacc,18to29,1,0,331
cbsnyt,7,9158,0,SC,SomeColl,18to29,0,0,1724
cbsnyt,7,9158,1,TX,Bacc,65plus,0,0,790
cbsnyt,7,9158,1,OH,SomeColl,18to29,0,0,1169
cbsnyt,7,9158,1,MN,SomeColl,18to29,1,0,922
cbsnyt,7,9158,1,WA,NoHS,45to64,1,0,2357
cbsnyt,7,9158,1,OH,SomeColl,18to29,1,0,922
cbsnyt,7,9158,1,IL,SomeColl,45to64,1,0,1032
cbsnyt,7,9158,1,FL,SomeColl,18to29,0,0,1724
cbsnyt,7,9158,1,NE,NoHS,65plus,1,0,2119
cbsnyt,7,9158,1,CA,Bacc,30to44,0,0,388
cbsnyt,7,9158,0,MN,HS,45to64,0,0,1601
cbsnyt,7,9158,0,DE,HS,30to44,0,0,501
cbsnyt,7,9158,0,CA,SomeColl,30to44,1,0,1328
cbsnyt,7,9158,0,MI,HS,30to44,1,0,804
cbsnyt,7,9158,0,NE,HS,18to29,1,0,1679
cbsnyt,7,9158,1,ND,Bacc,30to44,0,0,707
cbsnyt,7,9158,0,CA,SomeColl,18to29,1,0,1012
cbsnyt,7,9158,0,AZ,NoHS,45to64,1,0,2357
cbsnyt,7,9158,1,FL,Bacc,30to44,0,0,695
cbsnyt,7,9158,1,WA,HS,18to29,0,0,1558
cbsnyt,7,9158,1,NE,Bacc,18to29,1,0,1326
cbsnyt,7,9158,1,TX,Bacc,45to64,0,0,651
cbsnyt,7,9158,0,MI,SomeColl,18to29,0,0,1169
cbsnyt,7,9158,1,IL,HS,18to29,1,0,1120
cbsnyt,7,9158,0,MO,HS,30to44,1,0,402
cbsnyt,7,9158,1,MI,Bacc,18to29,1,0,994
cbsnyt,7,9158,0,KY,HS,45to64,1,0,414
cbsnyt,7,9158,1,KS,HS,30to44,1,0,804
cbsnyt,7,9158,0,IL,SomeColl,30to44,1,1,1339
cbsnyt,7,9158,0,MI,Bacc,45to64,1,0,348
cbsnyt,7,9158,1,CA,HS,45to64,0,0,586
cbsnyt,7,9158,0,IL,HS,18to29,0,0,1420
cbsnyt,7,9158,0,CA,HS,45to64,1,0,924
cbsnyt,7,9158,0,CA,SomeColl,30to44,1,0,332
cbsnyt,7,9158,0,IL,SomeColl,45to64,1,0,2063
cbsnyt,7,9158,1,CA,SomeColl,65plus,0,0,1003
cbsnyt,7,9158,0,NM,Bacc,45to64,1,0,382
cbsnyt,7,9158,NA,MN,HS,65plus,1,0,895
cbsnyt,7,9158,1,OH,SomeColl,30to44,1,0,605
cbsnyt,7,9158,0,CA,SomeColl,45to64,1,0,377
cbsnyt,7,9158,0,WA,HS,65plus,1,0,491
cbsnyt,7,9158,NA,WI,HS,18to29,1,0,1120
cbsnyt,7,9158,NA,CA,Bacc,30to44,0,0,388
cbsnyt,7,9158,0,KS,Bacc,30to44,0,0,354
cbsnyt,7,9158,0,WA,SomeColl,18to29,1,0,1012
cbsnyt,7,9158,1,WA,SomeColl,45to64,1,0,755
cbsnyt,7,9158,0,CA,Bacc,30to44,0,0,776
cbsnyt,7,9158,1,CA,SomeColl,45to64,0,0,718
cbsnyt,7,9158,1,CA,HS,18to29,0,0,1558
cbsnyt,7,9158,0,NM,SomeColl,30to44,1,0,332
cbsnyt,7,9158,0,OR,Bacc,30to44,0,0,776
cbsnyt,7,9158,0,OH,HS,45to64,1,0,842
cbsnyt,7,9158,1,CA,Bacc,30to44,0,0,776
cbsnyt,7,9158,1,WI,SomeColl,30to44,0,0,768
cbsnyt,7,9158,0,CA,HS,65plus,0,0,1246
cbsnyt,7,9158,1,NM,HS,45to64,0,0,1171
cbsnyt,7,9158,1,CA,HS,65plus,1,0,983
cbsnyt,7,9158,1,WA,SomeColl,65plus,1,0,396
cbsnyt,7,9158,0,CA,SomeColl,30to44,0,0,842
cbsnyt,7,9158,1,CA,Bacc,45to64,0,0,727
cbsnyt,7,9158,1,UT,Bacc,45to64,0,0,1454
cbsnyt,7,9158,1,UT,SomeColl,18to29,1,0,1012
cbsnyt,7,9158,1,CA,HS,45to64,1,0,2309
cbsnyt,7,9158,1,TX,Bacc,30to44,1,1,809
cbsnyt,7,9158,1,CA,SomeColl,30to44,1,0,664
cbsnyt,7,9158,0,MA,Bacc,30to44,0,0,1062
cbsnyt,7,9158,0,NJ,HS,30to44,0,0,511
cbsnyt,7,9158,0,NJ,Bacc,18to29,1,0,1659
cbsnyt,7,9158,1,TN,SomeColl,30to44,1,0,297
cbsnyt,7,9158,1,FL,Bacc,30to44,0,0,348
cbsnyt,7,9158,0,CA,HS,45to64,1,0,462
cbsnyt,7,9158,0,OH,SomeColl,65plus,1,0,721
cbsnyt,7,9158,1,CA,HS,30to44,1,0,882
cbsnyt,7,9158,1,NY,NoHS,18to29,0,0,1422
cbsnyt,7,9158,1,OH,HS,18to29,0,0,1420
cbsnyt,7,9158,1,CA,SomeColl,30to44,1,0,664
cbsnyt,7,9158,0,IL,Bacc,18to29,0,1,669
cbsnyt,7,9158,0,SC,HS,18to29,0,0,1396
cbsnyt,7,9158,0,WA,SomeColl,45to64,1,0,377
cbsnyt,7,9158,1,CA,Bacc,30to44,0,0,776
cbsnyt,7,9158,1,MI,Bacc,45to64,1,0,348
cbsnyt,7,9158,0,NY,Bacc,18to29,0,0,842
cbsnyt,7,9158,1,WI,Bacc,30to44,1,0,558
cbsnyt,7,9158,0,OH,HS,30to44,1,0,804
cbsnyt,7,9158,0,OH,HS,18to29,1,0,1120
cbsnyt,7,9158,0,NY,Bacc,45to64,0,0,884
cbsnyt,7,9158,1,VA,SomeColl,45to64,1,0,676
cbsnyt,7,9158,0,RI,SomeColl,30to44,1,0,606
cbsnyt,7,9158,1,IL,Bacc,30to44,1,0,279
cbsnyt,7,9158,1,OH,HS,18to29,1,0,1120
cbsnyt,7,9158,1,CA,HS,30to44,0,0,1119
cbsnyt,7,9158,0,MA,Bacc,45to64,1,0,1045
cbsnyt,7,9158,1,CA,HS,18to29,1,0,1229
cbsnyt,7,9158,1,OR,HS,30to44,0,0,1679
cbsnyt,7,9158,NA,GA,SomeColl,30to44,0,0,755
cbsnyt,7,9158,0,RI,NoHS,65plus,1,0,1061
cbsnyt,7,9158,1,AZ,HS,45to64,0,0,1171
cbsnyt,7,9158,1,WI,Bacc,18to29,1,0,663
cbsnyt,7,9158,NA,MN,HS,65plus,1,0,448
cbsnyt,7,9158,1,UT,Bacc,30to44,0,0,776
cbsnyt,7,9158,1,MN,HS,18to29,0,0,1420
cbsnyt,7,9158,1,OH,HS,65plus,0,0,1136
cbsnyt,7,9158,0,IA,HS,45to64,1,0,842
cbsnyt,7,9158,0,ME,Bacc,18to29,0,0,421
cbsnyt,7,9158,0,TX,Bacc,18to29,0,0,1653
cbsnyt,7,9158,1,NM,SomeColl,30to44,1,0,332
cbsnyt,7,9158,1,WI,HS,30to44,1,0,402
cbsnyt,7,9158,0,AZ,HS,45to64,1,0,1385
cbsnyt,7,9158,0,MI,HS,45to64,1,0,421
cbsnyt,7,9158,0,MN,SomeColl,30to44,1,0,605
cbsnyt,7,9158,NA,CA,SomeColl,18to29,0,0,642
cbsnyt,7,9158,1,MA,Bacc,45to64,0,0,884
cbsnyt,7,9158,1,CO,SomeColl,30to44,1,0,664
cbsnyt,7,9158,1,NJ,Bacc,30to44,1,0,837
cbsnyt,7,9158,1,VA,SomeColl,18to29,0,0,1150
cbsnyt,7,9158,1,MN,SomeColl,18to29,1,0,461
cbsnyt,7,9158,1,MD,SomeColl,18to29,1,0,906
cbsnyt,7,9158,1,WV,HS,45to64,0,0,1049
cbsnyt,7,9158,1,MI,HS,30to44,0,0,1020
cbsnyt,7,9158,0,CO,Bacc,30to44,1,0,612
cbsnyt,7,9158,0,NJ,HS,45to64,1,0,843
cbsnyt,7,9158,1,WA,SomeColl,18to29,1,0,506
cbsnyt,7,9158,1,KS,SomeColl,18to29,1,0,461
cbsnyt,7,9158,1,OK,SomeColl,18to29,0,0,575
cbsnyt,7,9158,1,OH,HS,45to64,1,0,421
cbsnyt,7,9158,1,OH,Bacc,45to64,1,0,1044
cbsnyt,7,9158,0,CA,Bacc,30to44,0,0,388
cbsnyt,7,9158,0,NY,Bacc,30to44,0,1,564
cbsnyt,7,9158,0,TN,SomeColl,18to29,0,1,1831
cbsnyt,7,9158,0,LA,HS,18to29,0,1,2223
cbsnyt,7,9158,0,MO,Bacc,18to29,0,0,420
cbsnyt,7,9158,1,TN,HS,45to64,0,0,1049
cbsnyt,7,9158,0,LA,SomeColl,30to44,0,1,1202
cbsnyt,7,9158,1,NJ,SomeColl,18to29,0,0,1171
cbsnyt,7,9158,0,FL,HS,65plus,1,0,440
cbsnyt,7,9158,1,PA,Bacc,45to64,0,0,884
cbsnyt,7,9158,0,TN,Bacc,30to44,1,0,548
cbsnyt,7,9158,1,MA,HS,18to29,1,0,1121
cbsnyt,7,9158,0,MI,Bacc,30to44,1,0,558
cbsnyt,7,9158,1,GA,HS,45to64,1,0,1655
cbsnyt,7,9158,0,IL,NoHS,45to64,1,0,2148
cbsnyt,7,9158,1,SC,HS,18to29,0,1,1112
cbsnyt,7,9158,1,NC,SomeColl,45to64,1,0,507
cbsnyt,7,9158,0,IL,HS,18to29,0,0,1420
cbsnyt,7,9158,0,WV,SomeColl,30to44,0,0,377
cbsnyt,7,9158,0,FL,NoHS,18to29,0,0,1396
cbsnyt,7,9158,0,MI,Bacc,45to64,0,0,442
cbsnyt,7,9158,0,MA,HS,30to44,1,0,1208
cbsnyt,7,9158,0,WI,Bacc,18to29,0,0,841
cbsnyt,7,9158,0,NY,HS,30to44,0,0,1021
cbsnyt,7,9158,0,TN,HS,45to64,1,0,1241
cbsnyt,7,9158,0,AR,HS,65plus,0,0,1116
cbsnyt,7,9158,1,OH,HS,30to44,1,0,402
cbsnyt,7,9158,0,GA,NoHS,45to64,1,1,4673
cbsnyt,7,9158,0,MI,HS,30to44,1,0,804
cbsnyt,7,9158,1,FL,SomeColl,45to64,1,0,169
cbsnyt,7,9158,0,MA,SomeColl,18to29,1,0,1846
cbsnyt,7,9158,0,PA,Bacc,65plus,1,0,634
cbsnyt,7,9158,1,MA,SomeColl,65plus,0,0,229
cbsnyt,7,9158,1,OK,SomeColl,18to29,0,0,575
cbsnyt,7,9158,1,IL,SomeColl,30to44,1,0,605
cbsnyt,7,9158,0,IL,HS,65plus,0,0,1136
cbsnyt,7,9158,0,MN,SomeColl,18to29,1,0,461
cbsnyt,7,9158,0,PA,HS,30to44,0,0,1021
cbsnyt,7,9158,1,MI,SomeColl,45to64,0,0,872
cbsnyt,7,9158,0,FL,SomeColl,45to64,0,0,1286
cbsnyt,7,9158,1,GA,Bacc,30to44,1,0,548
cbsnyt,7,9158,0,MI,SomeColl,30to44,0,0,768
cbsnyt,7,9158,0,PA,HS,18to29,1,0,1121
cbsnyt,7,9158,0,GA,HS,30to44,1,0,790
cbsnyt,7,9158,0,MA,Bacc,30to44,0,0,708
cbsnyt,7,9158,0,VA,HS,18to29,0,0,1396
cbsnyt,7,9158,0,MA,HS,18to29,0,0,1422
cbsnyt,7,9158,0,NY,HS,18to29,1,0,1121
cbsnyt,7,9158,0,IL,NoHS,18to29,0,0,2130
cbsnyt,7,9158,0,MO,HS,45to64,1,0,842
cbsnyt,7,9158,1,NE,SomeColl,45to64,1,0,688
cbsnyt,7,9158,1,MI,HS,18to29,0,0,2130
cbsnyt,7,9158,1,NJ,Bacc,30to44,0,0,1416
cbsnyt,7,9158,1,SD,SomeColl,30to44,1,0,303
cbsnyt,7,9158,0,NJ,HS,65plus,0,0,1137
cbsnyt,7,9158,1,TX,NoHS,65plus,1,0,2083
cbsnyt,7,9158,1,NC,SomeColl,30to44,0,1,1202
cbsnyt,7,9158,1,GA,SomeColl,18to29,0,0,1724
cbsnyt,7,9158,0,IL,HS,30to44,0,0,1020
cbsnyt,7,9158,0,NY,HS,18to29,0,1,3396
cbsnyt,7,9158,1,TN,Bacc,65plus,1,0,311
cbsnyt,7,9158,1,IN,NoHS,65plus,1,0,1060
cbsnyt,7,9158,0,IN,SomeColl,30to44,1,0,605
cbsnyt,7,9158,0,NJ,HS,65plus,0,0,1705
cbsnyt,7,9158,0,MA,Bacc,30to44,1,0,279
cbsnyt,7,9158,1,MO,HS,45to64,1,0,842
cbsnyt,7,9158,1,AL,NoHS,30to44,1,1,4002
cbsnyt,7,9158,1,WV,HS,30to44,0,0,501
cbsnyt,7,9158,0,IL,HS,45to64,1,0,421
cbsnyt,7,9158,1,NY,HS,18to29,1,0,1121
cbsnyt,7,9158,0,NY,HS,65plus,0,0,1137
cbsnyt,7,9158,1,NJ,Bacc,30to44,0,0,354
cbsnyt,7,9158,0,VA,Bacc,30to44,0,0,348
cbsnyt,7,9158,1,OH,SomeColl,45to64,0,0,872
cbsnyt,7,9158,1,NY,NoHS,45to64,0,0,2727
cbsnyt,7,9158,0,NY,SomeColl,30to44,1,0,606
cbsnyt,7,9158,0,NH,HS,30to44,0,0,1021
cbsnyt,7,9158,0,MA,HS,18to29,1,0,1121
cbsnyt,7,9158,1,TX,Bacc,45to64,1,0,684
cbsnyt,7,9158,NA,AL,Bacc,30to44,0,0,695
cbsnyt,7,9158,NA,NY,NoHS,65plus,0,0,1346
cbsnyt,7,9158,1,MS,SomeColl,30to44,0,0,755
cbsnyt,7,9158,1,NY,Bacc,30to44,1,0,279
cbsnyt,7,9158,1,MI,HS,45to64,1,0,842
cbsnyt,7,9158,0,MI,HS,45to64,1,0,842
cbsnyt,7,9158,1,SC,Bacc,45to64,0,0,868
cbsnyt,7,9158,1,MN,SomeColl,45to64,1,0,688
cbsnyt,7,9158,1,RI,HS,30to44,0,0,511
cbsnyt,7,9158,0,TX,HS,45to64,1,0,621
cbsnyt,7,9158,0,MA,HS,30to44,0,0,1021
cbsnyt,7,9158,0,MN,NoHS,65plus,1,0,1060
cbsnyt,7,9158,1,VT,HS,30to44,0,0,1532
cbsnyt,7,9158,0,NJ,SomeColl,30to44,1,0,303
cbsnyt,7,9158,0,NY,SomeColl,30to44,1,0,303
cbsnyt,7,9158,1,TX,HS,18to29,0,0,1396
cbsnyt,7,9158,1,OH,SomeColl,30to44,0,0,768
cbsnyt,7,9158,0,NC,HS,45to64,1,0,827
cbsnyt,7,9158,1,SC,Bacc,30to44,1,0,274
cbsnyt,7,9158,0,LA,HS,30to44,1,0,1186
cbsnyt,7,9158,1,NJ,Bacc,18to29,0,0,421
cbsnyt,7,9158,1,LA,HS,18to29,1,0,1101
cbsnyt,7,9158,1,VA,HS,18to29,1,1,1624
cbsnyt,7,9158,NA,MI,Bacc,30to44,0,0,354
cbsnyt,7,9158,1,NJ,HS,30to44,1,0,1208
cbsnyt,7,9158,0,RI,Bacc,30to44,1,0,279
cbsnyt,7,9158,1,SC,HS,45to64,0,0,1049
cbsnyt,7,9158,1,FL,Bacc,18to29,0,0,826
cbsnyt,7,9158,0,IL,Bacc,18to29,1,1,1956
cbsnyt,7,9158,0,MA,HS,45to64,1,0,421
cbsnyt,7,9158,0,NJ,Bacc,45to64,0,0,442
cbsnyt,7,9158,0,FL,HS,45to64,0,0,1049
cbsnyt,7,9158,1,TX,SomeColl,45to64,1,0,338
cbsnyt,7,9158,1,PA,HS,18to29,1,0,1121
cbsnyt,7,9158,1,WV,NoHS,18to29,1,0,1101
cbsnyt,7,9158,1,GA,HS,30to44,1,0,790
cbsnyt,7,9158,0,NY,Bacc,45to64,0,0,1326
cbsnyt,7,9158,0,FL,SomeColl,18to29,0,0,575
cbsnyt,7,9158,1,GA,SomeColl,30to44,1,0,892
cbsnyt,7,9158,1,NC,HS,30to44,0,0,1003
cbsnyt,7,9158,1,NC,NoHS,65plus,0,0,2642
cbsnyt,7,9158,1,MO,SomeColl,30to44,0,0,768
cbsnyt,7,9158,1,MI,HS,45to64,1,0,842
cbsnyt,7,9158,1,NY,Bacc,30to44,0,0,354
cbsnyt,7,9158,1,MD,SomeColl,18to29,1,0,1360
cbsnyt,7,9158,1,VA,Bacc,18to29,0,0,826
cbsnyt,7,9158,1,GA,Bacc,45to64,1,0,684
cbsnyt,7,9158,NA,FL,Bacc,30to44,0,0,1390
cbsnyt,7,9158,1,VA,HS,30to44,1,0,790
cbsnyt,7,9158,1,KS,SomeColl,30to44,1,0,908
cbsnyt,7,9158,1,MA,Bacc,30to44,0,0,708
cbsnyt,7,9158,1,NY,Bacc,30to44,0,0,1062
cbsnyt,7,9158,1,FL,NoHS,30to44,0,1,1826
cbsnyt,7,9158,1,TX,HS,65plus,0,0,1116
cbsnyt,7,9158,1,NY,Bacc,18to29,1,1,1958
cbsnyt,7,9158,1,MS,HS,45to64,1,0,827
cbsnyt,7,9158,1,MI,HS,30to44,0,0,1020
cbsnyt,7,9158,1,LA,HS,18to29,0,0,1396
cbsnyt,7,9158,0,MD,HS,18to29,0,1,2223
cbsnyt,7,9158,0,WV,HS,45to64,0,0,1049
cbsnyt,7,9158,0,SC,HS,65plus,1,0,440
cbsnyt,7,9158,1,WV,HS,30to44,1,0,395
cbsnyt,7,9158,NA,PA,SomeColl,45to64,1,0,344
cbsnyt,7,9158,NA,LA,NoHS,65plus,1,0,2083
cbsnyt,7,9158,0,NY,Bacc,30to44,1,0,558
cbsnyt,7,9158,0,PA,Bacc,65plus,0,0,603
cbsnyt,7,9158,0,GA,HS,45to64,1,1,610
cbsnyt,7,9158,1,PA,HS,65plus,1,0,421
cbsnyt,7,9158,1,FL,HS,18to29,0,0,1396
cbsnyt,7,9158,1,FL,HS,30to44,1,0,790
cbsnyt,7,9158,NA,MN,Bacc,30to44,0,0,707
cbsnyt,7,9158,0,MD,HS,45to64,1,0,414
cbsnyt,7,9158,1,TX,Bacc,45to64,1,0,1027
cbsnyt,7,9158,1,TX,Bacc,30to44,1,0,548
cbsnyt,7,9158,NA,MN,Bacc,30to44,0,0,707
cbsnyt,7,9158,1,NY,HS,45to64,1,0,421
cbsnyt,7,9158,1,TX,Bacc,65plus,0,0,790
cbsnyt,7,9158,1,KY,HS,30to44,1,0,395
cbsnyt,7,9158,1,TX,Bacc,65plus,1,0,311
cbsnyt,7,9158,1,TN,Bacc,30to44,1,0,274
cbsnyt,7,9158,NA,NY,HS,45to64,1,0,843
cbsnyt,7,9158,1,NY,Bacc,45to64,1,0,697
cbsnyt,7,9158,1,TX,HS,18to29,1,0,1101
cbsnyt,7,9158,1,NC,HS,18to29,0,0,1396
cbsnyt,7,9158,1,NJ,SomeColl,18to29,0,0,1171
cbsnyt,7,9158,1,CA,HS,65plus,1,0,1474
cbsnyt,7,9158,1,NC,Bacc,30to44,1,0,548
cbsnyt,7,9158,1,NJ,NoHS,30to44,0,0,2336
cbsnyt,7,9158,0,IL,NoHS,65plus,1,0,1060
cbsnyt,7,9158,1,KY,HS,45to64,1,0,1241
cbsnyt,7,9158,NA,FL,HS,18to29,1,0,1101
cbsnyt,7,9158,NA,AR,SomeColl,65plus,1,0,354
cbsnyt,7,9158,0,MA,Bacc,18to29,1,0,332
cbsnyt,7,9158,1,TN,HS,45to64,1,0,414
cbsnyt,7,9158,1,CO,Bacc,18to29,1,0,364
cbsnyt,7,9158,NA,TX,Bacc,65plus,0,0,790
cbsnyt,7,9158,0,IL,Bacc,30to44,1,0,836
cbsnyt,7,9158,1,NJ,SomeColl,30to44,1,0,606
cbsnyt,7,9158,1,PA,HS,18to29,0,0,2132
cbsnyt,7,9158,0,FL,Bacc,45to64,0,0,868
cbsnyt,7,9158,0,NC,NoHS,30to44,1,0,2712
cbsnyt,7,9158,1,FL,HS,65plus,0,0,1116
cbsnyt,7,9158,0,PA,SomeColl,30to44,1,0,606
cbsnyt,7,9158,0,IN,HS,45to64,0,0,1068
cbsnyt,7,9158,1,MA,SomeColl,30to44,1,0,606
cbsnyt,7,9158,1,TX,Bacc,30to44,0,0,348
cbsnyt,7,9158,1,IL,SomeColl,30to44,1,0,303
cbsnyt,7,9158,1,FL,HS,65plus,0,0,1116
cbsnyt,7,9158,1,TX,Bacc,18to29,1,0,326
cbsnyt,7,9158,1,VA,SomeColl,18to29,0,0,575
cbsnyt,7,9158,1,KY,SomeColl,18to29,0,0,1150
cbsnyt,7,9158,1,TX,SomeColl,18to29,1,0,453
cbsnyt,7,9158,0,RI,SomeColl,30to44,1,0,606
cbsnyt,7,9158,0,OK,SomeColl,30to44,0,0,755
cbsnyt,7,9158,0,OH,HS,30to44,1,0,804
cbsnyt,7,9158,1,KY,SomeColl,45to64,0,0,429
cbsnyt,7,9158,NA,TN,NoHS,45to64,1,0,1056
cbsnyt,7,9158,0,PA,HS,65plus,0,0,1069
cbsnyt,7,9158,1,NY,HS,30to44,0,0,2042
cbsnyt,7,9158,1,TN,SomeColl,18to29,1,0,906
cbsnyt,7,9158,0,MN,HS,30to44,1,0,804
cbsnyt,7,9158,0,FL,NoHS,18to29,1,0,1101
cbsnyt,7,9158,1,OH,Bacc,18to29,1,0,331
cbsnyt,7,9158,1,IL,HS,45to64,1,0,1683
cbsnyt,7,9158,1,FL,Bacc,30to44,1,0,548
cbsnyt,7,9158,1,FL,Bacc,30to44,1,0,548
cbsnyt,7,9158,1,GA,HS,18to29,1,0,550
cbsnyt,7,9158,1,FL,NoHS,65plus,0,0,2642
cbsnyt,7,9158,1,NY,SomeColl,45to64,1,0,516
cbsnyt,7,9158,0,PA,HS,18to29,1,0,1121
cbsnyt,7,9158,1,KS,HS,45to64,1,0,842
cbsnyt,7,9158,0,MO,Bacc,30to44,1,0,836
cbsnyt,7,9158,1,VA,HS,30to44,1,0,790
cbsnyt,7,9158,1,FL,SomeColl,30to44,1,0,297
cbsnyt,7,9158,0,WI,SomeColl,18to29,1,0,922
cbsnyt,7,9158,1,GA,Bacc,30to44,0,0,695
cbsnyt,7,9158,1,KY,HS,30to44,1,0,395
cbsnyt,7,9158,1,WI,HS,30to44,1,0,804
cbsnyt,7,9158,1,NY,HS,18to29,0,0,1066
cbsnyt,7,9158,1,NE,Bacc,45to64,1,0,696
cbsnyt,7,9158,1,TN,HS,45to64,0,0,1049
cbsnyt,7,9158,0,MN,HS,45to64,0,0,534
cbsnyt,7,9158,0,LA,SomeColl,30to44,0,0,755
cbsnyt,7,9158,1,NJ,Bacc,18to29,1,0,829
cbsnyt,7,9158,1,NY,SomeColl,30to44,1,0,757
cbsnyt,7,9158,0,MO,SomeColl,65plus,0,0,914
cbsnyt,7,9158,1,MI,SomeColl,30to44,1,0,303
cbsnyt,7,9158,1,IL,SomeColl,30to44,0,0,384
cbsnyt,7,9158,1,TN,Bacc,18to29,1,0,652
cbsnyt,7,9158,1,TX,HS,30to44,1,0,790
cbsnyt,7,9158,1,KY,NoHS,45to64,0,0,4017
cbsnyt,7,9158,1,AR,HS,18to29,1,0,1101
cbsnyt,7,9158,1,IL,HS,18to29,1,0,1120
cbsnyt,7,9158,1,MO,Bacc,30to44,1,0,558
cbsnyt,7,9158,1,AL,HS,30to44,0,0,1003
cbsnyt,7,9158,1,UT,Bacc,18to29,0,0,923
cbsnyt,7,9158,1,KS,HS,30to44,1,0,1206
cbsnyt,7,9158,1,TX,Bacc,18to29,0,0,413
cbsnyt,7,9158,0,MS,NoHS,30to44,1,0,2712
cbsnyt,7,9158,1,AZ,SomeColl,45to64,0,0,479
cbsnyt,7,9158,1,TX,HS,30to44,1,0,790
cbsnyt,7,9158,1,CA,Bacc,30to44,1,0,918
cbsnyt,7,9158,1,TN,Bacc,18to29,1,0,652
cbsnyt,7,9158,0,MS,HS,30to44,0,1,1597
cbsnyt,7,9158,1,AZ,Bacc,18to29,0,0,923
cbsnyt,7,9158,0,WI,Bacc,30to44,1,0,279
cbsnyt,7,9158,1,TX,HS,18to29,0,0,4188
cbsnyt,7,9158,1,TN,HS,65plus,0,0,1116
cbsnyt,7,9158,NA,CA,SomeColl,30to44,1,0,332
cbsnyt,7,9158,0,WI,HS,30to44,1,0,804
cbsnyt,7,9158,0,CA,Bacc,18to29,0,0,923
cbsnyt,7,9158,0,CO,HS,30to44,1,0,441
cbsnyt,7,9158,0,CA,Bacc,30to44,0,0,776
cbsnyt,7,9158,1,CA,SomeColl,45to64,0,0,957
cbsnyt,7,9158,1,CA,HS,18to29,1,0,1229
cbsnyt,7,9158,0,CA,Bacc,18to29,0,0,923
cbsnyt,7,9158,0,WA,NoHS,18to29,1,0,1229
cbsnyt,7,9158,1,WA,Bacc,18to29,0,0,923
cbsnyt,7,9158,1,WY,SomeColl,30to44,0,0,842
cbsnyt,7,9158,1,CA,Bacc,18to29,0,0,461
cbsnyt,7,9158,1,NM,Bacc,30to44,0,0,776
cbsnyt,7,9158,1,CA,HS,18to29,1,0,1229
cbsnyt,7,9158,1,CA,Bacc,30to44,0,0,388
cbsnyt,7,9158,1,CA,Bacc,30to44,0,0,776
cbsnyt,7,9158,0,CA,Bacc,45to64,0,1,1157
cbsnyt,7,9158,0,CA,Bacc,65plus,1,0,918
cbsnyt,7,9158,0,CA,NoHS,65plus,0,1,4698
cbsnyt,7,9158,0,WA,Bacc,45to64,0,0,485
cbsnyt,7,9158,1,OR,HS,45to64,0,0,1171
cbsnyt,7,9158,0,WA,HS,18to29,1,0,1229
cbsnyt,7,9158,0,NY,HS,30to44,1,1,1188
cbsnyt,7,9158,1,NY,HS,45to64,1,0,843
cbsnyt,7,9158,0,PA,HS,45to64,1,0,1264
cbsnyt,7,9158,NA,PA,HS,45to64,0,0,1069
cbsnyt,7,9158,1,PA,SomeColl,45to64,1,0,689
cbsnyt,7,9158,1,NY,SomeColl,45to64,1,0,861
cbsnyt,7,9158,1,MA,Bacc,30to44,1,0,279
cbsnyt,7,9158,0,NY,Bacc,30to44,1,0,558
cbsnyt,7,9158,NA,MA,HS,18to29,1,0,1121
cbsnyt,7,9158,0,NY,Bacc,45to64,0,0,442
cbsnyt,7,9158,0,NY,HS,18to29,1,1,4134
cbsnyt,7,9158,0,NY,HS,30to44,1,0,805
cbsnyt,7,9158,1,NY,Bacc,18to29,0,0,421
cbsnyt,7,9158,1,NY,NoHS,45to64,0,0,4091
cbsnyt,7,9158,1,NY,Bacc,30to44,0,0,354
cbsnyt,7,9158,0,PA,Bacc,30to44,1,0,279
cbsnyt,7,9158,1,CT,NoHS,65plus,1,0,530
cbsnyt,7,9158,1,RI,HS,18to29,1,0,3362
cbsnyt,7,9158,0,NY,Bacc,45to64,1,0,523
cbsnyt,7,9158,1,MA,SomeColl,30to44,1,0,606
cbsnyt,7,9158,1,NY,SomeColl,30to44,1,0,606
cbsnyt,7,9158,1,NJ,Bacc,45to64,0,0,442
cbsnyt,7,9158,0,WI,SomeColl,45to64,1,0,688
cbsnyt,7,9158,0,NY,Bacc,30to44,0,0,708
cbsnyt,7,9158,0,MI,SomeColl,30to44,1,0,303
cbsnyt,7,9158,0,NJ,HS,45to64,1,0,843
cbsnyt,7,9158,1,PA,HS,65plus,1,0,448
cbsnyt,7,9158,1,NY,SomeColl,30to44,0,0,384
cbsnyt,7,9158,1,IN,HS,45to64,1,0,842
cbsnyt,7,9158,1,MO,HS,18to29,1,0,1120
cbsnyt,7,9158,0,NY,SomeColl,30to44,1,0,606
cbsnyt,7,9158,1,NJ,HS,18to29,1,0,1121
cbsnyt,7,9158,1,PA,HS,30to44,1,0,805
cbsnyt,7,9158,1,OH,HS,45to64,1,0,421
cbsnyt,7,9158,1,OH,SomeColl,18to29,0,0,1169
cbsnyt,7,9158,1,OH,HS,45to64,1,0,1263
cbsnyt,7,9158,0,RI,Bacc,30to44,1,0,558
cbsnyt,7,9158,0,NY,Bacc,30to44,1,0,279
cbsnyt,7,9158,1,PA,HS,45to64,1,0,1264
cbsnyt,7,9158,1,PA,HS,18to29,1,0,1121
cbsnyt,7,9158,0,WI,HS,30to44,0,0,1020
cbsnyt,7,9158,0,WI,Bacc,30to44,1,0,558
cbsnyt,7,9158,0,OH,HS,18to29,0,0,1420
cbsnyt,7,9158,0,CT,HS,30to44,0,0,1021
cbsnyt,7,9158,NA,MA,SomeColl,18to29,0,0,1171
cbsnyt,7,9158,1,KS,NoHS,65plus,1,0,1060
cbsnyt,7,9158,0,OH,SomeColl,30to44,0,0,2303
cbsnyt,7,9158,1,WI,Bacc,30to44,0,0,707
cbsnyt,7,9158,1,OH,HS,30to44,1,0,804
cbsnyt,7,9158,1,MA,Bacc,65plus,0,0,805
cbsnyt,7,9158,0,NY,Bacc,30to44,1,1,412
cbsnyt,7,9158,NA,IL,NoHS,18to29,1,0,560
cbsnyt,7,9158,NA,PA,HS,18to29,1,0,1121
cbsnyt,7,9158,1,WI,Bacc,18to29,1,0,663
cbsnyt,7,9158,1,IL,HS,18to29,1,0,2239
cbsnyt,7,9158,1,MI,Bacc,18to29,1,0,663
cbsnyt,7,9158,1,RI,NoHS,30to44,0,0,2336
cbsnyt,7,9158,1,KS,SomeColl,30to44,0,0,384
cbsnyt,7,9158,1,OH,HS,30to44,0,0,1020
cbsnyt,7,9158,1,MA,Bacc,30to44,0,0,708
cbsnyt,7,9158,1,KS,SomeColl,30to44,0,0,768
cbsnyt,7,9158,0,PA,HS,65plus,1,0,896
cbsnyt,7,9158,1,MO,Bacc,30to44,0,0,707
cbsnyt,7,9158,0,LA,HS,45to64,1,1,1221
cbsnyt,7,9158,0,IL,Bacc,18to29,1,0,663
cbsnyt,7,9158,1,OH,HS,45to64,0,0,1068
cbsnyt,7,9158,NA,IL,NoHS,45to64,0,1,2169
cbsnyt,7,9158,NA,WI,Bacc,30to44,0,0,354
cbsnyt,7,9158,0,WI,HS,18to29,0,0,1420
cbsnyt,7,9158,0,IL,HS,30to44,1,0,402
cbsnyt,7,9158,0,MN,HS,30to44,1,0,402
cbsnyt,7,9158,0,WI,HS,30to44,1,0,804
cbsnyt,7,9158,0,NY,HS,30to44,1,0,805
cbsnyt,7,9158,1,MN,HS,18to29,0,0,710
cbsnyt,7,9158,0,MI,NoHS,45to64,1,1,1585
cbsnyt,7,9158,1,IN,HS,30to44,1,0,804
cbsnyt,7,9158,0,NE,Bacc,30to44,0,0,707
cbsnyt,7,9158,0,OH,Bacc,30to44,0,0,354
cbsnyt,7,9158,1,VA,HS,30to44,0,0,1003
cbsnyt,7,9158,0,NY,Bacc,30to44,0,0,354
cbsnyt,7,9158,1,FL,HS,45to64,0,0,525
cbsnyt,7,9158,0,TN,Bacc,45to64,0,0,868
cbsnyt,7,9158,1,WI,HS,45to64,0,0,1068
cbsnyt,7,9158,1,OH,NoHS,45to64,0,0,2724
cbsnyt,7,9158,1,OH,HS,18to29,1,0,1120
cbsnyt,7,9158,1,PA,SomeColl,18to29,0,0,1171
cbsnyt,7,9158,1,FL,SomeColl,65plus,0,0,899
cbsnyt,7,9158,1,VA,Bacc,65plus,1,0,934
cbsnyt,7,9158,0,OH,Bacc,30to44,1,1,617
cbsnyt,7,9158,NA,TX,HS,45to64,1,0,414
cbsnyt,7,9158,1,MO,SomeColl,45to64,1,0,344
cbsnyt,7,9158,1,VA,HS,65plus,1,0,880
cbsnyt,7,9158,1,KY,HS,45to64,1,0,827
cbsnyt,7,9158,1,NC,HS,30to44,1,0,790
cbsnyt,7,9158,0,NY,Bacc,45to64,0,0,884
cbsnyt,7,9158,1,MI,SomeColl,18to29,0,0,1169
cbsnyt,7,9158,1,IL,HS,30to44,1,0,804
cbsnyt,7,9158,0,IA,HS,45to64,0,0,1068
cbsnyt,7,9158,0,MS,NoHS,65plus,1,1,1537
cbsnyt,7,9158,1,FL,Bacc,18to29,1,0,652
cbsnyt,7,9158,0,AR,Bacc,30to44,0,0,695
cbsnyt,7,9158,0,TX,SomeColl,30to44,1,0,149
cbsnyt,7,9158,0,WV,HS,30to44,1,0,790
cbsnyt,7,9158,0,TX,Bacc,30to44,1,0,1096
cbsnyt,7,9158,1,WV,SomeColl,45to64,0,0,858
cbsnyt,7,9158,1,NE,SomeColl,18to29,1,0,922
cbsnyt,7,9158,0,NY,NoHS,18to29,1,0,1121
cbsnyt,7,9158,0,NY,HS,45to64,1,0,843
cbsnyt,7,9158,1,FL,Bacc,65plus,1,0,311
cbsnyt,7,9158,1,TX,Bacc,30to44,1,0,548
cbsnyt,7,9158,1,MN,HS,30to44,0,0,510
cbsnyt,7,9158,1,MO,HS,18to29,1,1,2478
cbsnyt,7,9158,0,GA,NoHS,18to29,0,1,2223
cbsnyt,7,9158,1,LA,Bacc,18to29,1,0,652
cbsnyt,7,9158,0,DC,HS,65plus,1,1,649
cbsnyt,7,9158,0,FL,HS,30to44,1,0,395
cbsnyt,7,9158,0,WI,SomeColl,18to29,0,0,1754
cbsnyt,7,9158,1,TX,Bacc,65plus,1,0,311
cbsnyt,7,9158,0,TX,SomeColl,30to44,0,1,601
cbsnyt,7,9158,0,TX,HS,45to64,1,0,827
cbsnyt,7,9158,0,PA,HS,18to29,0,0,2132
cbsnyt,7,9158,1,TX,HS,18to29,1,0,1101
cbsnyt,7,9158,1,VA,HS,65plus,0,0,1116
cbsnyt,7,9158,0,NC,HS,65plus,0,1,1778
cbsnyt,7,9158,1,TX,HS,45to64,0,0,1049
cbsnyt,7,9158,1,IL,Bacc,30to44,0,0,1061
cbsnyt,7,9158,0,NC,HS,65plus,1,0,440
cbsnyt,7,9158,1,TN,Bacc,30to44,1,0,548
cbsnyt,7,9158,1,WI,HS,45to64,0,0,1068
cbsnyt,7,9158,1,KY,HS,30to44,0,1,1597
cbsnyt,7,9158,1,NC,HS,45to64,0,0,1574
cbsnyt,7,9158,1,NE,HS,45to64,0,0,534
cbsnyt,7,9158,1,TX,SomeColl,65plus,0,0,899
cbsnyt,7,9158,1,AL,Bacc,30to44,0,0,695
cbsnyt,7,9158,0,VA,Bacc,45to64,1,1,1010
cbsnyt,7,9158,0,VA,SomeColl,18to29,1,1,1337
cbsnyt,7,9158,1,FL,SomeColl,18to29,1,0,906
cbsnyt,7,9158,0,AL,Bacc,65plus,1,0,934
cbsnyt,7,9158,0,KY,NoHS,65plus,1,0,1042
cbsnyt,7,9158,0,CA,SomeColl,45to64,1,0,755
cbsnyt,7,9158,NA,KY,SomeColl,65plus,1,0,354
cbsnyt,7,9158,NA,TN,SomeColl,30to44,0,0,755
cbsnyt,7,9158,NA,IL,Bacc,45to64,1,0,1392
cbsnyt,7,9158,0,TX,HS,30to44,1,0,790
cbsnyt,7,9158,1,CO,SomeColl,45to64,1,0,377
cbsnyt,7,9158,1,AR,HS,65plus,1,0,440
cbsnyt,7,9158,0,CA,HS,18to29,0,0,3896
cbsnyt,7,9158,1,TX,Bacc,65plus,1,0,311
cbsnyt,7,9158,1,CO,SomeColl,18to29,1,0,1012
cbsnyt,7,9158,0,FL,HS,45to64,0,0,1049
cbsnyt,7,9158,1,TX,Bacc,18to29,0,0,413
cbsnyt,7,9158,1,AZ,HS,45to64,1,0,1847
cbsnyt,7,9158,0,CA,SomeColl,45to64,1,0,755
cbsnyt,7,9158,0,GA,Bacc,30to44,0,0,695
cbsnyt,7,9158,1,AL,SomeColl,18to29,1,1,1337
cbsnyt,7,9158,1,FL,HS,65plus,1,0,880
cbsnyt,7,9158,1,NC,HS,65plus,0,0,1116
cbsnyt,7,9158,1,NM,HS,45to64,0,0,879
cbsnyt,7,9158,1,NM,Bacc,45to64,1,0,382
cbsnyt,7,9158,1,CA,HS,30to44,1,0,1324
cbsnyt,7,9158,1,GA,SomeColl,18to29,0,1,1831
cbsnyt,7,9158,0,OR,NoHS,45to64,1,0,3535
cbsnyt,7,9158,0,OK,HS,18to29,0,0,1396
cbsnyt,7,9158,0,MN,SomeColl,30to44,1,0,605
cbsnyt,7,9158,NA,UT,HS,30to44,0,0,1119
cbsnyt,7,9158,0,SC,HS,18to29,1,0,2201
cbsnyt,7,9158,0,NM,Bacc,30to44,1,0,306
cbsnyt,7,9158,1,CA,Bacc,30to44,1,0,612
cbsnyt,7,9158,1,CA,Bacc,30to44,1,0,612
cbsnyt,7,9158,1,WV,NoHS,65plus,1,0,1042
cbsnyt,7,9158,1,WI,HS,30to44,0,0,1020
cbsnyt,7,9158,1,WA,NoHS,45to64,0,0,2989
cbsnyt,7,9158,NA,GA,Bacc,45to64,1,0,342
cbsnyt,7,9158,0,AL,SomeColl,30to44,1,0,297
cbsnyt,7,9158,1,MS,SomeColl,45to64,1,0,676
cbsnyt,7,9158,1,TN,SomeColl,45to64,1,0,1352
cbsnyt,7,9158,0,CA,NoHS,45to64,1,0,2357
cbsnyt,7,9158,1,WA,HS,65plus,0,0,1246
cbsnyt,7,9158,1,CA,HS,18to29,1,0,2457
cbsnyt,7,9158,1,CA,SomeColl,18to29,0,0,3850
cbsnyt,7,9158,1,GA,NoHS,30to44,0,0,2294
cbsnyt,7,9158,0,AZ,Bacc,65plus,1,0,695
cbsnyt,7,9158,1,CA,Bacc,45to64,0,0,485
cbsnyt,7,9158,0,CA,Bacc,30to44,1,0,306
cbsnyt,7,9158,1,OK,HS,45to64,1,0,827
cbsnyt,7,9158,0,NV,HS,45to64,1,0,924
cbsnyt,7,9158,1,KY,HS,45to64,1,0,827
cbsnyt,7,9158,1,CO,Bacc,30to44,0,0,776
cbsnyt,7,9158,1,CA,NoHS,45to64,1,0,1178
cbsnyt,7,9158,0,IA,NoHS,45to64,1,0,3222
cbsnyt,7,9158,1,VA,SomeColl,18to29,0,0,2299
cbsnyt,7,9158,1,TX,NoHS,30to44,1,0,904
cbsnyt,7,9158,1,CT,Bacc,30to44,1,0,279
cbsnyt,7,9158,0,CA,NoHS,65plus,0,0,1475
cbsnyt,7,9158,0,MD,HS,30to44,0,0,1003
cbsnyt,7,9158,0,TX,HS,65plus,1,0,440
cbsnyt,7,9158,0,NY,Bacc,30to44,1,0,558
cbsnyt,7,9158,0,OR,SomeColl,30to44,1,0,664
cbsnyt,7,9158,0,CA,Bacc,30to44,0,0,388
cbsnyt,7,9158,0,FL,SomeColl,30to44,1,1,439
cbsnyt,7,9158,1,TX,Bacc,30to44,1,0,274
cbsnyt,7,9158,0,AZ,SomeColl,18to29,0,0,2566
cbsnyt,7,9158,1,PA,SomeColl,65plus,1,0,361
cbsnyt,7,9158,NA,ME,HS,30to44,0,0,511
cbsnyt,7,9158,1,CA,SomeColl,30to44,1,0,664
cbsnyt,7,9158,1,OH,HS,30to44,1,0,804
cbsnyt,7,9158,1,NY,HS,18to29,0,1,2264
cbsnyt,7,9158,0,MI,HS,30to44,1,0,804
cbsnyt,7,9158,1,NC,HS,45to64,1,0,827
cbsnyt,7,9158,0,OR,Bacc,30to44,0,0,776
cbsnyt,7,9158,0,IN,HS,18to29,1,0,1120
cbsnyt,7,9158,1,NC,HS,30to44,1,0,395
cbsnyt,7,9158,0,MI,HS,18to29,0,0,710
cbsnyt,7,9158,0,PA,HS,30to44,1,0,805
cbsnyt,7,9158,0,NY,Bacc,30to44,0,1,564
cbsnyt,7,9158,0,OH,SomeColl,18to29,0,0,1169
cbsnyt,7,9158,1,OK,NoHS,45to64,0,0,2678
cbsnyt,7,9158,1,NY,Bacc,30to44,1,0,837
cbsnyt,7,9158,1,WA,Bacc,30to44,0,0,582
cbsnyt,7,9158,0,MI,Bacc,65plus,1,0,317
cbsnyt,7,9158,1,NC,NoHS,45to64,0,0,1339
cbsnyt,7,9158,1,MI,Bacc,18to29,0,0,420
cbsnyt,7,9158,1,IL,HS,45to64,1,0,842
cbsnyt,7,9158,1,CT,Bacc,18to29,1,0,664
cbsnyt,7,9158,0,PA,HS,45to64,0,0,2137
cbsnyt,7,9158,1,MI,Bacc,18to29,0,0,841
cbsnyt,7,9158,0,TX,Bacc,65plus,1,0,311
cbsnyt,7,9158,1,GA,NoHS,45to64,1,0,5278
cbsnyt,7,9158,1,FL,HS,45to64,1,0,827
cbsnyt,7,9158,1,FL,SomeColl,18to29,0,0,1150
cbsnyt,7,9158,1,KS,HS,30to44,1,0,804
cbsnyt,7,9158,NA,TX,SomeColl,45to64,0,0,1286
cbsnyt,7,9158,1,MD,HS,30to44,1,0,790
cbsnyt,7,9158,1,KS,Bacc,18to29,1,0,663
cbsnyt,7,9158,1,MI,HS,65plus,1,0,448
cbsnyt,7,9158,1,IL,Bacc,30to44,0,0,1061
cbsnyt,7,9158,0,MS,Bacc,30to44,0,0,695
cbsnyt,7,9158,0,DE,Bacc,18to29,1,0,652
cbsnyt,7,9158,0,FL,HS,18to29,1,0,550
cbsnyt,7,9158,0,FL,HS,45to64,0,0,1049
cbsnyt,7,9158,0,CA,Bacc,18to29,0,0,923
cbsnyt,7,9158,NA,IA,NoHS,30to44,0,0,4666
cbsnyt,7,9158,NA,AR,Bacc,30to44,1,0,548
cbsnyt,7,9158,0,NY,SomeColl,18to29,0,0,1756
cbsnyt,7,9158,1,MA,SomeColl,30to44,1,0,909
cbsnyt,7,9158,1,FL,SomeColl,30to44,1,0,595
cbsnyt,7,9158,1,LA,HS,45to64,0,0,1049
cbsnyt,7,9158,1,AZ,Bacc,18to29,0,0,461
cbsnyt,7,9158,0,VA,Bacc,30to44,0,0,348
cbsnyt,7,9158,0,OR,HS,30to44,1,0,441
cbsnyt,7,9158,1,KY,Bacc,30to44,1,0,548
cbsnyt,7,9158,1,SC,HS,45to64,1,0,827
cbsnyt,7,9158,1,WI,HS,45to64,1,0,842
cbsnyt,7,9158,1,NM,Bacc,45to64,1,0,382
cbsnyt,7,9158,1,VA,HS,45to64,1,1,1221
cbsnyt,7,9158,1,MS,Bacc,18to29,0,0,826
cbsnyt,7,9158,0,ID,NoHS,45to64,1,0,2357
cbsnyt,7,9158,0,MI,NoHS,65plus,1,0,1060
cbsnyt,7,9158,0,OH,Bacc,18to29,0,0,420
cbsnyt,7,9158,1,TX,Bacc,30to44,0,0,695
cbsnyt,7,9158,1,NY,NoHS,18to29,0,0,2132
cbsnyt,7,9158,1,MA,SomeColl,30to44,0,0,768
cbsnyt,7,9158,1,GA,Bacc,45to64,1,0,684
cbsnyt,7,9158,NA,CA,SomeColl,30to44,1,0,996
cbsnyt,7,9158,0,WA,HS,30to44,0,0,560
cbsnyt,7,9158,1,IN,HS,45to64,1,0,842
cbsnyt,7,9158,1,CO,SomeColl,18to29,0,0,1283
cbsnyt,7,9158,1,OH,SomeColl,30to44,0,0,768
cbsnyt,7,9158,0,GA,SomeColl,30to44,0,0,377
cbsnyt,7,9158,0,CA,HS,18to29,0,0,1558
cbsnyt,7,9158,1,TX,Bacc,30to44,1,0,548
cbsnyt,7,9158,0,CA,HS,30to44,1,0,662
cbsnyt,7,9158,0,IL,SomeColl,30to44,1,0,1210
cbsnyt,7,9158,0,NY,HS,30to44,0,0,1021
cbsnyt,7,9158,1,CA,HS,30to44,1,0,882
cbsnyt,7,9158,0,VA,Bacc,18to29,1,0,326
cbsnyt,7,9158,0,CO,SomeColl,65plus,1,0,396
cbsnyt,7,9158,1,OH,Bacc,18to29,1,0,331
cbsnyt,7,9158,0,TX,HS,45to64,1,1,1221
cbsnyt,7,9158,0,FL,Bacc,30to44,0,0,695
cbsnyt,7,9158,0,NY,Bacc,45to64,1,0,348
cbsnyt,7,9158,0,WV,SomeColl,45to64,1,0,676
cbsnyt,7,9158,0,PA,Bacc,30to44,0,0,1062
cbsnyt,7,9158,0,OK,HS,30to44,1,1,1166
cbsnyt,7,9158,1,TN,HS,65plus,1,0,440
cbsnyt,7,9158,0,MN,HS,45to64,0,0,1068
cbsnyt,7,9158,0,LA,NoHS,45to64,0,1,2132
cbsnyt,7,9158,1,KY,SomeColl,45to64,1,0,1014
cbsnyt,7,9158,1,MO,SomeColl,45to64,0,0,872
cbsnyt,7,9158,1,MN,HS,30to44,0,0,1020
cbsnyt,7,9158,0,NY,SomeColl,45to64,1,0,689
cbsnyt,7,9158,1,PA,SomeColl,18to29,1,0,462
cbsnyt,7,9158,1,NY,HS,30to44,1,1,1782
cbsnyt,7,9158,1,NC,NoHS,45to64,1,0,1056
cbsnyt,7,9158,1,VA,HS,18to29,1,0,550
cbsnyt,7,9158,1,NY,HS,18to29,0,0,711
cbsnyt,7,9158,1,AZ,Bacc,30to44,0,0,388
cbsnyt,7,9158,0,GA,Bacc,18to29,1,1,1923
cbsnyt,7,9158,1,CA,HS,30to44,1,0,882
cbsnyt,7,9158,1,SC,NoHS,45to64,1,0,2111
cbsnyt,7,9158,1,TN,HS,18to29,1,0,1101
cbsnyt,7,9158,0,NY,SomeColl,30to44,1,0,606
cbsnyt,7,9158,1,MA,SomeColl,30to44,0,0,768
cbsnyt,7,9158,1,NJ,Bacc,18to29,1,0,829
cbsnyt,7,9158,1,TN,SomeColl,45to64,0,0,858
cbsnyt,7,9158,1,FL,HS,45to64,1,0,827
cbsnyt,7,9158,1,TN,HS,18to29,1,1,812
cbsnyt,7,9158,1,GA,HS,30to44,0,0,1003
cbsnyt,7,9158,0,CO,SomeColl,18to29,1,0,506
cbsnyt,7,9158,0,NY,SomeColl,18to29,1,1,681
cbsnyt,7,9158,0,LA,Bacc,18to29,1,0,326
cbsnyt,7,9158,1,NH,HS,18to29,0,0,2132
cbsnyt,7,9158,1,SC,HS,30to44,0,0,1003
cbsnyt,7,9158,1,OH,HS,30to44,1,0,402
cbsnyt,7,9158,1,PA,HS,45to64,0,0,1069
cbsnyt,7,9158,0,ME,HS,30to44,0,0,1021
cbsnyt,7,9158,0,NC,HS,45to64,1,0,1655
cbsnyt,7,9158,0,IL,HS,45to64,1,0,1263
cbsnyt,7,9158,0,CO,Bacc,30to44,0,0,776
cbsnyt,7,9158,1,IL,Bacc,45to64,0,0,883
cbsnyt,7,9158,NA,VA,Bacc,30to44,0,0,695
cbsnyt,7,9158,0,WA,SomeColl,18to29,1,0,506
cbsnyt,7,9158,NA,MA,HS,65plus,1,0,448
cbsnyt,7,9158,1,CA,HS,30to44,1,0,441
cbsnyt,7,9158,1,TN,SomeColl,30to44,0,0,755
cbsnyt,7,9158,1,GA,SomeColl,30to44,0,0,1132
cbsnyt,7,9158,1,MI,Bacc,45to64,0,0,883
cbsnyt,7,9158,1,NJ,HS,18to29,1,1,1654
cbsnyt,7,9158,0,MA,Bacc,18to29,0,0,842
cbsnyt,7,9158,0,CA,HS,30to44,0,0,1119
cbsnyt,7,9158,1,CA,Bacc,30to44,1,0,612
cbsnyt,7,9158,1,FL,SomeColl,30to44,0,0,755
cbsnyt,7,9158,1,TX,SomeColl,18to29,0,0,1724
cbsnyt,7,9158,0,PA,Bacc,18to29,0,0,421
cbsnyt,7,9158,0,NY,HS,65plus,0,0,1137
cbsnyt,7,9158,1,SC,SomeColl,65plus,1,0,354
cbsnyt,7,9158,0,MI,Bacc,18to29,0,0,841
cbsnyt,7,9158,0,VA,Bacc,30to44,0,0,348
cbsnyt,7,9158,1,PA,SomeColl,45to64,1,0,1033
cbsnyt,7,9158,1,KY,HS,45to64,1,0,414
cbsnyt,7,9158,1,PA,HS,18to29,0,0,711
cbsnyt,7,9158,0,NY,SomeColl,18to29,1,1,681
cbsnyt,7,9158,0,SC,Bacc,30to44,1,0,548
cbsnyt,7,9158,0,VA,SomeColl,18to29,0,0,1150
cbsnyt,7,9158,1,CA,NoHS,30to44,0,0,2560
cbsnyt,7,9158,1,AZ,HS,30to44,1,0,882
cbsnyt,7,9158,1,ND,Bacc,30to44,0,0,354
cbsnyt,7,9158,1,NY,SomeColl,30to44,1,0,303
cbsnyt,7,9158,1,KY,Bacc,30to44,0,0,695
cbsnyt,7,9158,1,CA,SomeColl,30to44,1,0,664
cbsnyt,7,9158,1,FL,SomeColl,30to44,1,0,595
cbsnyt,7,9158,1,FL,SomeColl,30to44,0,0,755
cbsnyt,7,9158,1,AL,Bacc,30to44,1,0,274
cbsnyt,7,9158,1,OH,Bacc,45to64,0,0,883
cbsnyt,7,9158,0,TX,Bacc,30to44,1,0,274
cbsnyt,7,9158,0,TX,HS,45to64,0,0,1574
cbsnyt,7,9158,0,OR,NoHS,18to29,1,0,614
cbsnyt,7,9158,0,NY,Bacc,30to44,1,0,279
cbsnyt,7,9158,0,CA,HS,65plus,1,0,983
cbsnyt,7,9158,0,TX,SomeColl,30to44,1,1,1756
cbsnyt,7,9158,0,WA,HS,18to29,0,0,779
cbsnyt,7,9158,0,SC,SomeColl,30to44,1,1,1756
cbsnyt,7,9158,0,NY,Bacc,30to44,1,0,837
cbsnyt,7,9158,0,IA,HS,30to44,0,0,1020
cbsnyt,7,9158,0,CA,HS,18to29,1,0,1229
cbsnyt,7,9158,0,TX,SomeColl,30to44,1,0,595
cbsnyt,7,9158,NA,TX,HS,30to44,1,0,395
cbsnyt,7,9158,0,FL,SomeColl,18to29,1,0,906
cbsnyt,7,9158,1,PA,HS,18to29,0,0,1422
cbsnyt,7,9158,1,FL,Bacc,30to44,0,0,695
cbsnyt,7,9158,1,NY,Bacc,30to44,0,0,708
cbsnyt,7,9158,0,FL,HS,45to64,0,0,1049
cbsnyt,7,9158,1,AL,HS,18to29,0,0,2792
cbsnyt,7,9158,NA,CA,Bacc,30to44,0,0,776
cbsnyt,7,9158,NA,AL,SomeColl,18to29,0,0,575
cbsnyt,7,9158,1,SC,NoHS,45to64,1,0,1583
cbsnyt,7,9158,1,NJ,Bacc,30to44,0,0,354
cbsnyt,7,9158,0,TN,HS,30to44,1,0,593
cbsnyt,7,9158,1,TN,NoHS,30to44,1,0,1808
cbsnyt,7,9158,0,OH,SomeColl,30to44,0,0,384
cbsnyt,7,9158,0,NY,NoHS,18to29,1,0,2242
cbsnyt,7,9158,NA,AZ,SomeColl,30to44,0,0,842
cbsnyt,7,9158,1,IN,HS,30to44,0,0,1020
cbsnyt,7,9158,1,TX,HS,30to44,1,0,1186
cbsnyt,7,9158,1,OH,HS,18to29,0,0,1420
cbsnyt,7,9158,1,FL,HS,45to64,0,0,1049
cbsnyt,7,9158,0,RI,SomeColl,45to64,0,0,2183
cbsnyt,7,9158,0,TN,NoHS,65plus,1,0,1042
cbsnyt,7,9158,1,CA,Bacc,30to44,0,0,388
cbsnyt,7,9158,0,CA,SomeColl,65plus,1,0,791
cbsnyt,7,9158,0,AL,SomeColl,30to44,1,0,595
cbsnyt,7,9158,1,RI,SomeColl,18to29,0,0,1171
cbsnyt,7,9158,NA,NC,SomeColl,18to29,1,0,906
cbsnyt,7,9158,1,FL,HS,65plus,1,0,440
cbsnyt,7,9158,0,IL,Bacc,30to44,1,0,558
cbsnyt,7,9158,1,WA,SomeColl,30to44,1,0,332
cbsnyt,7,9158,1,PA,HS,18to29,1,0,1121
cbsnyt,7,9158,0,NJ,Bacc,45to64,1,0,697
cbsnyt,7,9158,0,WV,SomeColl,30to44,0,0,755
cbsnyt,7,9158,1,TX,SomeColl,45to64,0,0,858
cbsnyt,7,9158,0,GA,HS,30to44,0,1,798
cbsnyt,7,9158,1,OH,Bacc,30to44,0,0,707
cbsnyt,7,9158,0,IL,NoHS,30to44,1,0,2759
cbsnyt,7,9158,0,FL,HS,65plus,1,0,440
cbsnyt,7,9158,0,CA,Bacc,30to44,0,0,388
cbsnyt,7,9158,0,NY,Bacc,18to29,0,1,670
cbsnyt,7,9158,0,IL,Bacc,18to29,1,0,497
cbsnyt,7,9158,0,MA,HS,30to44,0,0,511
cbsnyt,7,9158,0,NY,HS,30to44,1,0,805
cbsnyt,7,9158,1,CT,Bacc,30to44,0,0,354
cbsnyt,7,9158,0,MI,HS,18to29,1,1,1652
cbsnyt,7,9158,1,GA,HS,18to29,1,0,550
cbsnyt,7,9158,1,NY,HS,65plus,1,0,448
cbsnyt,7,9158,0,OH,SomeColl,45to64,0,0,872
cbsnyt,7,9158,0,MA,NoHS,18to29,0,0,2132
cbsnyt,7,9158,0,IL,HS,30to44,1,0,1608
cbsnyt,7,9158,0,MI,SomeColl,45to64,1,0,1032
cbsnyt,7,9158,1,GA,NoHS,30to44,1,0,1808
cbsnyt,7,9158,1,TX,SomeColl,18to29,1,0,906
cbsnyt,7,9158,1,OH,HS,18to29,1,0,1120
cbsnyt,7,9158,0,NJ,SomeColl,30to44,1,0,606
cbsnyt,7,9158,1,OH,SomeColl,45to64,1,0,688
cbsnyt,7,9158,0,NY,SomeColl,45to64,1,0,172
cbsnyt,7,9158,0,NY,Bacc,65plus,1,0,279
cbsnyt,7,9158,0,CA,Bacc,45to64,1,0,1146
cbsnyt,7,9158,0,MD,HS,30to44,0,0,501
cbsnyt,7,9158,1,NJ,Bacc,18to29,1,0,664
cbsnyt,7,9158,0,MI,SomeColl,30to44,1,1,446
cbsnyt,7,9158,0,ME,Bacc,65plus,1,0,317
cbsnyt,7,9158,0,TX,SomeColl,18to29,1,1,1337
cbsnyt,7,9158,1,OR,NoHS,65plus,0,0,1475
cbsnyt,7,9158,0,CT,HS,45to64,0,0,1603
cbsnyt,7,9158,1,CO,Bacc,45to64,0,0,242
cbsnyt,7,9158,0,CA,NoHS,65plus,0,0,2950
cbsnyt,7,9158,1,AL,HS,65plus,1,0,880
cbsnyt,7,9158,0,CA,SomeColl,30to44,1,0,664
cbsnyt,7,9158,0,TX,HS,30to44,1,0,790
cbsnyt,7,9158,NA,IA,HS,30to44,1,0,804
cbsnyt,7,9158,0,PA,Bacc,45to64,1,0,697
cbsnyt,7,9158,1,NJ,HS,18to29,0,0,355
cbsnyt,7,9158,1,MA,Bacc,18to29,0,0,842
cbsnyt,7,9158,NA,PA,HS,45to64,0,0,1069
cbsnyt,7,9158,0,NJ,Bacc,30to44,1,0,558
cbsnyt,7,9158,0,IA,Bacc,30to44,0,0,707
cbsnyt,7,9158,0,FL,NoHS,65plus,1,0,1042
cbsnyt,7,9158,0,CO,Bacc,45to64,1,1,564
cbsnyt,7,9158,0,OK,NoHS,30to44,1,0,1808
cbsnyt,7,9158,1,IL,HS,65plus,1,0,448
cbsnyt,7,9158,1,CA,HS,30to44,1,0,882
cbsnyt,7,9158,1,WA,HS,65plus,0,0,1246
cbsnyt,7,9158,1,OK,SomeColl,18to29,1,0,680
cbsnyt,7,9158,1,OH,SomeColl,45to64,1,0,344
cbsnyt,7,9158,0,MD,HS,45to64,0,1,2507
cbsnyt,7,9158,1,CA,SomeColl,30to44,1,0,332
cbsnyt,7,9158,0,CA,NoHS,65plus,1,0,1744
cbsnyt,7,9158,0,MD,SomeColl,18to29,0,0,1150
cbsnyt,7,9158,NA,VA,HS,18to29,0,0,1396
cbsnyt,7,9158,0,CA,Bacc,45to64,0,0,969
cbsnyt,7,9158,1,TX,HS,30to44,1,0,1581
cbsnyt,7,9158,NA,IA,NoHS,65plus,0,0,1344
cbsnyt,7,9158,NA,MO,SomeColl,30to44,1,0,605
cbsnyt,7,9158,1,OR,HS,45to64,1,0,924
cbsnyt,7,9158,0,IL,HS,30to44,1,0,603
cbsnyt,7,9158,0,FL,Bacc,18to29,0,0,826
cbsnyt,7,9158,1,CA,HS,30to44,0,0,560
cbsnyt,7,9158,0,FL,NoHS,65plus,1,1,1537
cbsnyt,7,9158,0,MA,HS,65plus,0,0,1137
cbsnyt,7,9158,NA,SC,NoHS,65plus,1,0,2083
cbsnyt,7,9158,1,MA,Bacc,30to44,0,0,354
cbsnyt,7,9158,NA,IL,HS,45to64,1,0,842
cbsnyt,7,9158,1,PA,HS,30to44,0,0,1021
cbsnyt,7,9158,0,NC,HS,30to44,1,0,790
cbsnyt,7,9158,1,NY,HS,18to29,1,0,841
cbsnyt,7,9158,1,PA,Bacc,18to29,1,0,664
cbsnyt,7,9158,1,FL,HS,45to64,1,0,414
cbsnyt,7,9158,0,NY,Bacc,45to64,0,0,442
cbsnyt,7,9158,0,TX,HS,30to44,1,1,1750
cbsnyt,7,9158,0,MS,NoHS,45to64,1,1,1558
cbsnyt,7,9158,NA,IN,NoHS,65plus,1,0,1060
cbsnyt,7,9158,1,CA,HS,45to64,0,0,1171
cbsnyt,7,9158,1,WA,Bacc,45to64,0,0,485
cbsnyt,7,9158,1,FL,HS,65plus,1,0,880
cbsnyt,7,9158,1,OH,NoHS,65plus,1,0,1060
cbsnyt,7,9158,1,RI,SomeColl,45to64,0,0,1747
cbsnyt,7,9158,NA,CT,Bacc,45to64,0,0,884
cbsnyt,7,9158,1,AZ,SomeColl,45to64,1,0,755
cbsnyt,7,9158,1,AZ,SomeColl,45to64,0,0,957
cbsnyt,7,9158,NA,IL,HS,65plus,0,0,1136
cbsnyt,7,9158,1,OH,HS,30to44,0,0,1020
cbsnyt,7,9158,1,CA,HS,65plus,1,1,1450
cbsnyt,7,9158,NA,WV,SomeColl,30to44,1,0,1190
cbsnyt,7,9158,1,NC,Bacc,30to44,0,0,695
cbsnyt,7,9158,1,FL,NoHS,65plus,0,0,1321
cbsnyt,7,9158,1,LA,HS,45to64,0,0,1049
cbsnyt,7,9158,0,CA,NoHS,65plus,0,0,1475
cbsnyt,7,9158,1,MN,SomeColl,30to44,1,0,605
cbsnyt,7,9158,NA,LA,HS,18to29,1,1,1624
cbsnyt,7,9158,0,NE,NoHS,65plus,0,0,1344
cbsnyt,7,9158,NA,IL,Bacc,45to64,1,0,348
cbsnyt,7,9158,0,AL,NoHS,65plus,1,0,2083
cbsnyt,7,9158,1,TN,HS,18to29,1,0,1101
cbsnyt,7,9158,0,OR,NoHS,65plus,0,0,1475
cbsnyt,7,9158,1,CA,Bacc,45to64,1,0,764
cbsnyt,7,9158,1,CA,Bacc,45to64,1,0,764
cbsnyt,7,9158,0,PA,HS,45to64,0,0,1069
cbsnyt,7,9158,1,NY,Bacc,30to44,1,0,279
cbsnyt,7,9158,0,TX,NoHS,65plus,1,0,1042
cbsnyt,7,9158,1,NC,HS,45to64,1,0,827
cbsnyt,7,9158,0,FL,SomeColl,65plus,0,0,449
cbsnyt,7,9158,0,VA,Bacc,30to44,1,1,809
cbsnyt,7,9158,1,VA,HS,45to64,0,0,1049
cbsnyt,7,9158,0,CA,SomeColl,30to44,0,0,421
cbsnyt,7,9158,1,TX,SomeColl,45to64,1,0,676
cbsnyt,7,9158,1,LA,SomeColl,65plus,1,0,1063
cbsnyt,7,9158,0,KY,NoHS,45to64,1,0,2111
cbsnyt,7,9158,0,OH,HS,45to64,1,0,842
cbsnyt,7,9158,1,OH,HS,45to64,1,0,842
cbsnyt,7,9158,NA,AR,NoHS,65plus,1,0,2083
cbsnyt,7,9158,0,KY,HS,18to29,0,0,698
cbsnyt,7,9158,0,OH,Bacc,30to44,1,0,558
cbsnyt,7,9158,0,FL,NoHS,65plus,1,0,3125
cbsnyt,7,9158,1,KS,Bacc,30to44,0,0,707
cbsnyt,7,9158,1,PA,HS,45to64,1,0,843
cbsnyt,7,9158,0,PA,SomeColl,30to44,1,1,223
cbsnyt,7,9158,1,GA,HS,30to44,0,0,1003
cbsnyt,7,9158,NA,MI,NoHS,65plus,1,0,1060
cbsnyt,7,9158,NA,FL,SomeColl,45to64,1,0,676
cbsnyt,7,9158,NA,IL,SomeColl,18to29,1,0,922
cbsnyt,7,9158,NA,MI,HS,18to29,0,0,710
cbsnyt,7,9158,NA,MD,NoHS,65plus,1,0,3125
cbsnyt,7,9158,NA,WI,NoHS,30to44,0,0,3500
cbsnyt,7,9158,NA,NY,HS,18to29,1,1,827
cbsnyt,7,9158,NA,AZ,HS,18to29,1,0,1843
cbsnyt,7,9158,NA,CA,HS,18to29,0,0,1558
cbsnyt,7,9158,NA,NC,NoHS,45to64,0,0,2678
cbsnyt,7,9158,NA,TN,NoHS,65plus,1,0,2083
cbsnyt,7,9158,NA,OH,HS,18to29,1,0,1120
cbsnyt,7,9158,NA,IN,Bacc,30to44,0,0,707
cbsnyt,7,9158,NA,OH,HS,30to44,1,0,804
cbsnyt,7,9158,NA,IN,HS,18to29,0,0,1420
cbsnyt,7,9158,NA,NY,HS,45to64,0,0,1069
cbsnyt,7,9158,NA,NC,SomeColl,30to44,0,0,377
cbsnyt,7,9158,NA,AL,NoHS,65plus,1,0,2083
cbsnyt,7,9158,NA,MD,HS,30to44,0,0,501
cbsnyt,7,9158,NA,NJ,Bacc,18to29,0,0,842
cbsnyt,7,9158,NA,MN,HS,30to44,1,0,804
cbsnyt,7,9158,NA,AZ,NoHS,45to64,1,0,1178
cbsnyt,7,9158,NA,PA,HS,18to29,1,0,560
cbsnyt,7,9158,NA,OH,NoHS,65plus,1,1,1564
cbsnyt,7,9158,NA,OR,NoHS,18to29,1,0,1229
cbsnyt,7,9158,NA,IL,HS,30to44,0,0,510
cbsnyt,7,9158,NA,MN,HS,30to44,0,0,1020
cbsnyt,7,9158,NA,NM,HS,45to64,1,0,924
cbsnyt,7,9158,NA,NY,SomeColl,65plus,1,0,361
cbsnyt,7,9158,NA,NY,HS,65plus,1,1,661
cbsnyt,7,9158,NA,RI,HS,18to29,1,1,1654
cbsnyt,7,9158,NA,FL,HS,30to44,1,0,1186
cbsnyt,7,9158,NA,NY,HS,65plus,1,0,403
cbsnyt,7,9158,NA,IL,SomeColl,18to29,1,0,922
cbsnyt,7,9158,NA,OH,Bacc,45to64,0,0,883
cbsnyt,7,9158,NA,PA,HS,45to64,1,0,1264
cbsnyt,7,9158,NA,CA,SomeColl,30to44,1,0,664
cbsnyt,7,9158,1,WA,HS,30to44,0,0,1119
cbsnyt,7,9158,0,WA,SomeColl,30to44,1,0,332
cbsnyt,7,9158,1,ID,Bacc,30to44,0,0,1164
cbsnyt,7,9158,0,CA,Bacc,30to44,1,0,918
cbsnyt,7,9158,0,MI,HS,18to29,1,0,1120
cbsnyt,7,9158,0,OH,SomeColl,45to64,0,0,436
cbsnyt,7,9158,1,FL,Bacc,65plus,0,0,1580
cbsnyt,7,9158,1,NY,HS,65plus,0,0,1137
cbsnyt,7,9158,1,WI,HS,18to29,1,0,1120
cbsnyt,7,9158,1,TN,Bacc,30to44,0,0,695
cbsnyt,7,9158,0,MI,HS,45to64,1,0,842
cbsnyt,7,9158,0,OH,HS,45to64,1,0,421
cbsnyt,7,9158,1,GA,Bacc,30to44,0,0,695
cbsnyt,7,9158,0,WI,Bacc,30to44,1,1,411
cbsnyt,7,9158,0,MN,HS,30to44,0,0,510
cbsnyt,7,9158,0,MA,Bacc,18to29,0,0,842
cbsnyt,7,9158,1,IL,Bacc,30to44,1,0,558
cbsnyt,7,9158,0,KS,HS,65plus,1,0,448
cbsnyt,7,9158,0,NY,Bacc,30to44,1,0,279
cbsnyt,7,9158,0,IN,NoHS,18to29,0,0,1420
cbsnyt,7,9158,NA,NY,Bacc,30to44,0,0,708
cbsnyt,7,9158,NA,OK,HS,18to29,0,0,1396
cbsnyt,7,9158,0,ND,HS,30to44,0,0,1020
cbsnyt,7,9158,0,LA,Bacc,30to44,0,0,695
cbsnyt,7,9158,0,NY,SomeColl,18to29,1,0,462
cbsnyt,7,9158,0,CA,HS,18to29,0,0,2337
cbsnyt,7,9158,0,WI,SomeColl,18to29,1,0,461
cbsnyt,7,9158,1,CA,SomeColl,18to29,0,0,962
cbsnyt,7,9158,0,FL,HS,45to64,1,0,827
cbsnyt,7,9158,0,IL,HS,30to44,1,0,804
cbsnyt,7,9158,0,MO,HS,18to29,1,1,1652
cbsnyt,7,9158,1,OH,SomeColl,30to44,0,0,384
cbsnyt,7,9158,1,IL,Bacc,65plus,1,0,317
cbsnyt,7,9158,0,WV,Bacc,18to29,1,0,652
cbsnyt,7,9158,NA,VA,HS,30to44,1,0,790
cbsnyt,7,9158,1,NJ,HS,18to29,1,0,1681
cbsnyt,7,9158,1,PA,HS,45to64,1,0,843
cbsnyt,7,9158,1,TX,SomeColl,30to44,1,0,595
cbsnyt,7,9158,1,MD,Bacc,45to64,0,0,868
cbsnyt,7,9158,1,FL,Bacc,65plus,1,0,623
cbsnyt,7,9158,1,AL,HS,30to44,0,0,1003
cbsnyt,7,9158,1,FL,HS,18to29,0,0,698
cbsnyt,7,9158,1,VA,Bacc,45to64,1,0,513
cbsnyt,7,9158,1,FL,HS,65plus,0,0,1116
cbsnyt,7,9158,1,TN,NoHS,30to44,1,0,1808
cbsnyt,7,9158,0,GA,HS,30to44,1,1,1750
cbsnyt,7,9158,1,FL,Bacc,30to44,1,0,274
cbsnyt,7,9158,1,AL,NoHS,65plus,0,0,1321
cbsnyt,7,9158,1,NY,HS,30to44,1,0,1208
cbsnyt,7,9158,1,FL,HS,65plus,1,0,1320
cbsnyt,7,9158,0,MD,NoHS,65plus,1,0,1042
cbsnyt,7,9158,1,AL,NoHS,45to64,1,0,2111
cbsnyt,7,9158,0,TX,HS,45to64,0,0,1049
cbsnyt,7,9158,0,MD,Bacc,30to44,0,0,1043
cbsnyt,7,9158,1,VA,Bacc,65plus,1,0,623
cbsnyt,7,9158,NA,MS,NoHS,65plus,1,0,2083
cbsnyt,7,9158,0,NC,NoHS,45to64,1,1,1558
cbsnyt,7,9158,0,NY,Bacc,18to29,0,0,842
cbsnyt,7,9158,1,VA,HS,45to64,1,0,827
cbsnyt,7,9158,1,PA,Bacc,30to44,0,0,708
cbsnyt,7,9158,1,KY,NoHS,30to44,1,0,2712
cbsnyt,7,9158,1,VA,SomeColl,65plus,1,0,354
cbsnyt,7,9158,1,TX,Bacc,30to44,0,0,348
cbsnyt,7,9158,0,SC,Bacc,30to44,0,0,695
cbsnyt,7,9158,1,VA,Bacc,45to64,1,0,1027
cbsnyt,7,9158,0,MO,HS,65plus,0,0,568
cbsnyt,7,9158,1,FL,Bacc,18to29,1,0,652
cbsnyt,7,9158,1,TX,SomeColl,30to44,1,0,595
cbsnyt,7,9158,1,FL,SomeColl,65plus,1,0,354
cbsnyt,7,9158,1,TN,HS,45to64,0,0,1049
cbsnyt,7,9158,1,WV,HS,18to29,0,0,698
cbsnyt,7,9158,1,VA,SomeColl,18to29,0,0,1150
cbsnyt,7,9158,1,SC,HS,30to44,1,0,790
cbsnyt,7,9158,0,KY,Bacc,45to64,1,0,1027
cbsnyt,7,9158,0,FL,HS,45to64,1,0,827
cbsnyt,7,9158,1,SD,Bacc,18to29,1,0,663
cbsnyt,7,9158,0,MA,NoHS,65plus,0,0,1346
cbsnyt,7,9158,1,VA,Bacc,65plus,1,0,548
cbsnyt,7,9158,0,MD,HS,45to64,1,1,1831
cbsnyt,7,9158,1,CT,SomeColl,45to64,1,0,1033
cbsnyt,7,9158,1,SC,NoHS,45to64,1,1,1558
cbsnyt,7,9158,1,FL,HS,30to44,0,0,1003
cbsnyt,7,9158,1,MD,HS,65plus,1,0,880
cbsnyt,7,9158,1,NJ,Bacc,30to44,1,0,558
cbsnyt,7,9158,0,GA,SomeColl,45to64,0,0,858
cbsnyt,7,9158,1,KS,Bacc,45to64,1,0,696
cbsnyt,7,9158,1,NC,NoHS,18to29,0,0,698
cbsnyt,7,9158,1,GA,SomeColl,30to44,1,0,1487
cbsnyt,7,9158,0,TX,HS,30to44,1,1,292
cbsnyt,7,9158,0,SC,Bacc,30to44,0,1,1107
cbsnyt,7,9158,0,MD,NoHS,65plus,0,1,2104
cbsnyt,7,9158,1,MO,HS,30to44,1,0,804
cbsnyt,7,9158,1,NY,SomeColl,18to29,1,0,923
cbsnyt,7,9158,1,NJ,HS,30to44,1,0,1610
cbsnyt,7,9158,0,NY,Bacc,30to44,1,0,279
cbsnyt,7,9158,0,AR,NoHS,65plus,0,0,2642
cbsnyt,7,9158,0,NY,Bacc,30to44,1,0,558
cbsnyt,7,9158,NA,NJ,HS,65plus,0,0,568
cbsnyt,7,9158,1,WI,NoHS,30to44,0,0,4666
cbsnyt,7,9158,0,NJ,Bacc,18to29,1,0,664
cbsnyt,7,9158,0,IA,SomeColl,30to44,1,0,605
cbsnyt,7,9158,1,FL,Bacc,30to44,0,0,695
cbsnyt,7,9158,1,WA,HS,45to64,0,0,586
cbsnyt,7,9158,1,NY,Bacc,30to44,0,0,354
cbsnyt,7,9158,1,NJ,Bacc,30to44,1,0,279
cbsnyt,7,9158,0,NY,SomeColl,30to44,0,0,768
cbsnyt,7,9158,0,MS,Bacc,18to29,1,0,652
cbsnyt,7,9158,0,AR,SomeColl,45to64,0,0,858
cbsnyt,7,9158,0,NY,NoHS,45to64,0,1,4343
cbsnyt,7,9158,0,MN,HS,45to64,0,0,1068
cbsnyt,7,9158,0,OH,HS,45to64,1,0,2104
cbsnyt,7,9158,1,VA,Bacc,30to44,0,0,695
cbsnyt,7,9158,1,CT,Bacc,18to29,1,0,664
cbsnyt,7,9158,1,NY,HS,18to29,1,0,1121
cbsnyt,7,9158,1,NY,SomeColl,65plus,1,0,361
cbsnyt,7,9158,1,FL,HS,18to29,0,0,1396
cbsnyt,7,9158,1,WI,SomeColl,45to64,1,0,688
cbsnyt,7,9158,1,WV,NoHS,45to64,0,0,2678
cbsnyt,7,9158,1,OK,NoHS,18to29,0,0,2094
cbsnyt,7,9158,0,NY,HS,65plus,0,0,1137
cbsnyt,7,9158,0,PA,HS,45to64,1,0,1264
cbsnyt,7,9158,0,VA,NoHS,65plus,1,1,1537
cbsnyt,7,9158,1,NY,HS,65plus,1,0,896
cbsnyt,7,9158,0,NY,HS,65plus,0,0,1137
cbsnyt,7,9158,0,TX,NoHS,30to44,1,0,1808
cbsnyt,7,9158,0,CA,SomeColl,30to44,1,0,664
cbsnyt,7,9158,0,OH,NoHS,45to64,1,0,2148
cbsnyt,7,9158,1,PA,Bacc,30to44,0,0,708
cbsnyt,7,9158,0,TX,Bacc,30to44,1,0,822
cbsnyt,7,9158,1,MN,SomeColl,65plus,0,0,914
cbsnyt,7,9158,1,FL,Bacc,45to64,1,0,342
cbsnyt,7,9158,1,SC,SomeColl,65plus,1,0,354
cbsnyt,7,9158,1,NY,HS,18to29,1,0,1121
cbsnyt,7,9158,1,NY,HS,18to29,1,0,1681
cbsnyt,7,9158,0,MD,SomeColl,30to44,1,0,297
cbsnyt,7,9158,1,NY,HS,30to44,1,0,805
cbsnyt,7,9158,1,WI,SomeColl,30to44,0,0,384
cbsnyt,7,9158,1,OH,HS,45to64,1,0,842
cbsnyt,7,9158,1,NY,Bacc,65plus,0,0,1207
cbsnyt,7,9158,1,IA,NoHS,18to29,1,0,1120
cbsnyt,7,9158,1,PA,NoHS,30to44,1,0,921
cbsnyt,7,9158,1,VA,Bacc,30to44,0,0,695
cbsnyt,7,9158,0,TX,Bacc,45to64,1,0,684
cbsnyt,7,9158,1,MA,Bacc,18to29,0,0,1262
cbsnyt,7,9158,0,MO,HS,30to44,0,0,2040
cbsnyt,7,9158,0,MA,Bacc,30to44,1,0,279
cbsnyt,7,9158,0,FL,HS,65plus,1,0,880
cbsnyt,7,9158,0,WV,HS,45to64,1,0,827
cbsnyt,7,9158,0,WI,Bacc,30to44,1,0,558
cbsnyt,7,9158,0,ND,Bacc,30to44,0,0,707
cbsnyt,7,9158,1,MA,HS,30to44,0,0,1021
cbsnyt,7,9158,1,GA,HS,65plus,1,0,1320
cbsnyt,7,9158,NA,NY,HS,30to44,0,1,2439
cbsnyt,7,9158,1,OH,HS,30to44,0,0,510
cbsnyt,7,9158,1,NJ,HS,45to64,1,0,421
cbsnyt,7,9158,1,AL,SomeColl,18to29,1,0,1813
cbsnyt,7,9158,1,OH,HS,18to29,1,0,560
cbsnyt,7,9158,NA,MD,HS,65plus,0,0,1116
cbsnyt,7,9158,NA,NY,HS,18to29,1,0,1121
cbsnyt,7,9158,0,OH,NoHS,65plus,1,0,2119
cbsnyt,7,9158,0,MN,NoHS,18to29,1,1,1652
cbsnyt,7,9158,0,WI,HS,18to29,1,0,1120
cbsnyt,7,9158,0,NJ,HS,18to29,1,1,3308
cbsnyt,7,9158,0,FL,NoHS,18to29,1,0,550
cbsnyt,7,9158,0,NJ,HS,45to64,1,1,3108
cbsnyt,7,9158,1,IL,Bacc,65plus,1,0,317
cbsnyt,7,9158,1,MI,HS,45to64,1,0,1263
cbsnyt,7,9158,1,NE,Bacc,30to44,1,0,1394
cbsnyt,7,9158,0,MA,Bacc,30to44,1,0,558
cbsnyt,7,9158,1,MA,SomeColl,45to64,1,0,689
cbsnyt,7,9158,0,MI,SomeColl,30to44,1,0,605
cbsnyt,7,9158,1,MI,HS,18to29,0,0,710
cbsnyt,7,9158,0,IL,Bacc,65plus,1,0,317
cbsnyt,7,9158,0,NE,Bacc,30to44,0,0,707
cbsnyt,7,9158,0,TX,HS,18to29,1,0,1651
cbsnyt,7,9158,1,CT,HS,45to64,1,0,1264
cbsnyt,7,9158,0,NY,HS,30to44,1,0,805
cbsnyt,7,9158,1,OK,HS,18to29,1,0,1101
cbsnyt,7,9158,1,IN,SomeColl,18to29,1,0,461
cbsnyt,7,9158,0,OH,NoHS,65plus,1,0,1060
cbsnyt,7,9158,1,LA,HS,45to64,1,0,827
cbsnyt,7,9158,1,IA,Bacc,18to29,1,0,331
cbsnyt,7,9158,1,NY,NoHS,30to44,0,0,1752
cbsnyt,7,9158,0,CA,SomeColl,45to64,1,0,755
cbsnyt,7,9158,1,CA,SomeColl,65plus,0,0,502
cbsnyt,7,9158,1,WA,HS,18to29,1,0,1229
cbsnyt,7,9158,1,OH,NoHS,45to64,0,0,2724
cbsnyt,7,9158,1,CA,NoHS,65plus,0,0,2950
cbsnyt,7,9158,1,SC,HS,45to64,1,1,2442
cbsnyt,7,9158,1,MI,HS,65plus,1,0,895
cbsnyt,7,9158,1,UT,HS,45to64,1,0,924
cbsnyt,7,9158,0,TX,HS,30to44,0,0,501
cbsnyt,7,9158,1,OH,Bacc,45to64,0,0,883
cbsnyt,7,9158,1,AZ,HS,65plus,1,0,983
cbsnyt,7,9158,1,CA,SomeColl,30to44,1,0,332
cbsnyt,7,9158,1,CA,HS,45to64,1,0,462
cbsnyt,7,9158,1,AZ,SomeColl,65plus,1,0,791
cbsnyt,7,9158,0,NM,Bacc,30to44,0,0,388
cbsnyt,7,9158,0,IL,Bacc,18to29,0,1,1004
cbsnyt,7,9158,NA,IN,HS,18to29,0,0,1420
cbsnyt,7,9158,1,AL,Bacc,18to29,1,0,652
cbsnyt,7,9158,1,UT,Bacc,30to44,1,0,306
cbsnyt,7,9158,1,WI,SomeColl,65plus,0,0,914
cbsnyt,7,9158,1,MO,HS,18to29,0,0,4260
cbsnyt,7,9158,1,VA,SomeColl,65plus,1,0,709
cbsnyt,7,9158,0,DC,SomeColl,30to44,1,1,439
cbsnyt,7,9158,0,CA,HS,18to29,1,0,614
cbsnyt,7,9158,0,NY,Bacc,18to29,0,0,421
cbsnyt,7,9158,0,TX,HS,30to44,1,0,790
cbsnyt,7,9158,0,AZ,HS,18to29,0,0,1558
cbsnyt,7,9158,0,MI,SomeColl,45to64,1,0,344
cbsnyt,7,9158,1,NE,SomeColl,18to29,1,0,922
cbsnyt,7,9158,0,MO,HS,45to64,1,1,1242
cbsnyt,7,9158,0,AZ,Bacc,45to64,1,0,764
cbsnyt,7,9158,0,CA,Bacc,30to44,0,0,388
cbsnyt,7,9158,1,VA,SomeColl,30to44,0,0,755
cbsnyt,7,9158,1,MN,HS,30to44,1,0,804
cbsnyt,7,9158,1,MI,NoHS,18to29,1,0,1679
cbsnyt,7,9158,1,CA,Bacc,30to44,1,0,612
cbsnyt,7,9158,1,CA,Bacc,18to29,1,0,546
cbsnyt,7,9158,1,IA,SomeColl,45to64,1,0,688
cbsnyt,7,9158,1,WA,Bacc,65plus,1,0,348
cbsnyt,7,9158,1,OH,Bacc,30to44,0,0,707
cbsnyt,7,9158,1,PA,Bacc,30to44,1,0,558
cbsnyt,7,9158,0,WA,HS,30to44,0,0,560
cbsnyt,7,9158,0,FL,Bacc,18to29,1,0,652
cbsnyt,7,9158,1,NY,NoHS,45to64,0,0,2727
cbsnyt,7,9158,0,FL,SomeColl,65plus,1,0,354
cbsnyt,7,9158,1,FL,HS,18to29,1,0,275
cbsnyt,7,9158,1,MI,HS,18to29,1,0,1120
cbsnyt,7,9158,1,AL,HS,30to44,1,0,395
cbsnyt,7,9158,1,MT,SomeColl,30to44,0,0,842
cbsnyt,7,9158,0,IN,HS,45to64,0,0,1068
cbsnyt,7,9158,1,MI,HS,45to64,0,0,1068
cbsnyt,7,9158,0,OH,Bacc,18to29,1,1,489
cbsnyt,7,9158,1,IN,HS,30to44,1,0,804
cbsnyt,7,9158,0,CO,Bacc,30to44,0,0,388
cbsnyt,7,9158,0,CA,NoHS,18to29,0,0,779
cbsnyt,7,9158,0,PA,NoHS,65plus,0,0,1346
cbsnyt,7,9158,NA,FL,HS,65plus,0,0,1116
cbsnyt,7,9158,1,NY,HS,45to64,1,0,2528
cbsnyt,7,9158,1,UT,Bacc,18to29,0,0,923
cbsnyt,7,9158,1,CA,Bacc,30to44,0,0,776
cbsnyt,7,9158,1,CA,HS,30to44,0,0,1119
cbsnyt,7,9158,1,CO,HS,18to29,0,0,2337
cbsnyt,7,9158,0,IL,SomeColl,45to64,1,0,344
cbsnyt,7,9158,0,WI,HS,30to44,0,0,510
cbsnyt,7,9158,0,OH,SomeColl,30to44,0,0,768
cbsnyt,7,9158,0,CA,HS,45to64,1,0,693
cbsnyt,7,9158,1,NY,Bacc,18to29,1,0,332
cbsnyt,7,9158,1,MS,Bacc,45to64,1,0,342
cbsnyt,7,9158,1,CA,Bacc,18to29,0,0,923
cbsnyt,7,9158,0,CO,HS,45to64,1,0,924
cbsnyt,7,9158,1,DE,HS,45to64,0,0,1049
cbsnyt,7,9158,1,TN,SomeColl,45to64,1,0,338
cbsnyt,7,9158,0,NJ,HS,18to29,0,0,2132
cbsnyt,7,9158,0,MA,Bacc,30to44,0,0,354
cbsnyt,7,9158,1,NY,SomeColl,45to64,1,0,689
cbsnyt,7,9158,0,MN,SomeColl,30to44,0,0,384
cbsnyt,7,9158,0,MD,Bacc,30to44,1,1,809
cbsnyt,7,9158,0,CA,Bacc,65plus,0,0,1323
cbsnyt,7,9158,0,SC,NoHS,65plus,1,0,1042
cbsnyt,7,9158,0,WA,HS,30to44,0,0,560
cbsnyt,7,9158,1,FL,Bacc,45to64,0,0,1302
cbsnyt,7,9158,0,CA,SomeColl,30to44,1,0,332
cbsnyt,7,9158,1,WV,HS,30to44,0,0,1003
cbsnyt,7,9158,1,CA,SomeColl,18to29,1,0,2529
cbsnyt,7,9158,1,TX,NoHS,45to64,1,0,2111
cbsnyt,7,9158,1,CA,HS,18to29,1,1,1813
cbsnyt,7,9158,1,TX,SomeColl,18to29,1,0,1360
cbsnyt,7,9158,1,GA,Bacc,18to29,1,0,652
cbsnyt,7,9158,1,PA,HS,65plus,1,0,1345
cbsnyt,7,9158,0,NY,SomeColl,18to29,0,0,1171
cbsnyt,7,9158,0,IN,NoHS,18to29,1,0,2239
cbsnyt,7,9158,0,MN,SomeColl,18to29,1,0,461
cbsnyt,7,9158,1,MN,Bacc,30to44,0,0,707
cbsnyt,7,9158,1,ME,HS,18to29,0,0,1422
cbsnyt,7,9158,0,TX,Bacc,45to64,1,0,1027
cbsnyt,7,9158,0,NY,NoHS,65plus,0,0,2691
cbsnyt,7,9158,0,NM,NoHS,30to44,1,0,2019
cbsnyt,7,9158,1,CA,NoHS,18to29,0,0,1558
cbsnyt,7,9158,1,NY,HS,18to29,0,0,2132
cbsnyt,7,9158,1,TX,Bacc,30to44,0,0,348
cbsnyt,7,9158,0,MI,HS,45to64,1,0,842
cbsnyt,7,9158,0,NY,Bacc,30to44,1,0,279
cbsnyt,7,9158,1,OR,Bacc,65plus,1,0,695
cbsnyt,7,9158,1,CA,Bacc,45to64,0,0,969
cbsnyt,7,9158,0,KS,HS,30to44,1,0,402
cbsnyt,7,9158,1,LA,HS,30to44,1,0,790
cbsnyt,7,9158,1,NC,NoHS,30to44,1,0,1808
cbsnyt,7,9158,1,IA,HS,65plus,0,0,568
cbsnyt,7,9158,0,AL,Bacc,45to64,1,0,684
cbsnyt,7,9158,0,OK,HS,30to44,1,0,395
cbsnyt,7,9158,0,PA,SomeColl,18to29,1,0,923
cbsnyt,7,9158,1,NJ,Bacc,45to64,0,0,442
cbsnyt,7,9158,0,IA,SomeColl,45to64,0,0,436
cbsnyt,7,9158,0,OH,NoHS,30to44,1,0,2759
cbsnyt,7,9158,1,PA,Bacc,30to44,0,0,708
cbsnyt,7,9158,0,LA,HS,30to44,1,1,1166
cbsnyt,7,9158,0,KY,HS,18to29,0,0,1396
cbsnyt,7,9158,1,SC,Bacc,65plus,1,0,311
cbsnyt,7,9158,0,PA,Bacc,18to29,0,0,421
cbsnyt,7,9158,0,MI,HS,30to44,1,0,402
cbsnyt,7,9158,0,CT,Bacc,30to44,1,0,558
cbsnyt,7,9158,0,WA,HS,18to29,1,0,1229
cbsnyt,7,9158,1,NC,SomeColl,30to44,0,0,755
cbsnyt,7,9158,0,NY,Bacc,45to64,1,0,1045
cbsnyt,7,9158,1,AR,HS,30to44,0,0,1003
cbsnyt,7,9158,1,CT,Bacc,18to29,1,0,664
cbsnyt,7,9158,1,NY,Bacc,30to44,0,0,354
cbsnyt,7,9158,1,IL,HS,30to44,1,0,402
cbsnyt,7,9158,0,FL,SomeColl,30to44,1,0,595
cbsnyt,7,9158,NA,MI,HS,18to29,1,0,560
cbsnyt,7,9158,1,TX,Bacc,65plus,1,0,623
cbsnyt,7,9158,1,WA,SomeColl,65plus,1,0,396
cbsnyt,7,9158,0,IL,Bacc,45to64,0,0,442
cbsnyt,7,9158,1,CA,Bacc,30to44,1,0,612
cbsnyt,7,9158,0,ID,HS,30to44,1,0,441
cbsnyt,7,9158,1,TN,Bacc,45to64,0,0,868
cbsnyt,7,9158,1,PA,HS,65plus,0,0,1137
cbsnyt,7,9158,0,NM,HS,45to64,1,0,924
cbsnyt,7,9158,1,VA,SomeColl,18to29,1,0,906
cbsnyt,7,9158,1,OH,HS,30to44,0,0,510
cbsnyt,7,9158,0,NY,Bacc,18to29,0,0,421
cbsnyt,7,9158,1,NH,HS,30to44,1,0,805
cbsnyt,7,9158,1,KY,SomeColl,18to29,0,0,2299
cbsnyt,7,9158,1,NY,HS,18to29,0,0,2843
cbsnyt,7,9158,1,MO,SomeColl,45to64,0,0,872
cbsnyt,7,9158,1,CA,HS,18to29,1,0,1229
cbsnyt,7,9158,0,CA,Bacc,30to44,1,1,451
cbsnyt,7,9158,0,MA,SomeColl,65plus,1,0,722
cbsnyt,7,9158,0,ME,Bacc,18to29,1,0,664
cbsnyt,7,9158,1,MI,Bacc,30to44,0,0,707
cbsnyt,7,9158,0,IL,SomeColl,30to44,0,0,768
cbsnyt,7,9158,1,IL,HS,30to44,1,0,804
cbsnyt,7,9158,0,VA,Bacc,18to29,0,0,826
cbsnyt,7,9158,0,OH,HS,18to29,1,0,1120
cbsnyt,7,9158,1,OH,SomeColl,30to44,1,0,605
cbsnyt,7,9158,1,MS,Bacc,30to44,1,0,548
cbsnyt,7,9158,1,TX,NoHS,65plus,0,0,1321
cbsnyt,7,9158,0,IL,HS,65plus,1,0,1343
cbsnyt,7,9158,0,PA,HS,18to29,1,0,1121
cbsnyt,7,9158,0,NY,Bacc,18to29,1,0,664
cbsnyt,7,9158,0,OR,HS,30to44,1,0,882
cbsnyt,7,9158,0,IA,NoHS,45to64,1,0,2148
cbsnyt,7,9158,0,WA,SomeColl,45to64,0,0,479
cbsnyt,7,9158,1,WI,HS,18to29,1,0,560
cbsnyt,7,9158,1,PA,HS,45to64,1,0,421
cbsnyt,7,9158,0,NY,HS,30to44,1,0,805
cbsnyt,7,9158,0,WI,HS,30to44,1,0,804
cbsnyt,7,9158,1,NC,HS,45to64,0,0,1049
cbsnyt,7,9158,1,MI,SomeColl,30to44,1,0,605
cbsnyt,7,9158,1,MO,HS,18to29,0,0,710
cbsnyt,7,9158,0,CO,Bacc,18to29,1,0,727
cbsnyt,7,9158,1,IN,SomeColl,18to29,0,0,1169
cbsnyt,7,9158,0,IL,Bacc,45to64,0,0,442
cbsnyt,7,9158,0,NJ,Bacc,30to44,1,0,558
cbsnyt,7,9158,0,FL,SomeColl,45to64,1,0,676
cbsnyt,7,9158,1,GA,HS,45to64,1,0,827
cbsnyt,7,9158,0,OH,SomeColl,30to44,1,0,605
cbsnyt,7,9158,0,NY,Bacc,65plus,1,0,317
cbsnyt,7,9158,0,MO,HS,45to64,1,0,842
cbsnyt,7,9158,0,OH,NoHS,65plus,0,1,8562
cbsnyt,7,9158,1,CA,SomeColl,30to44,1,0,996
cbsnyt,7,9158,1,FL,HS,30to44,1,0,790
cbsnyt,7,9158,1,AZ,Bacc,45to64,1,0,764
cbsnyt,7,9158,0,SD,HS,30to44,1,0,804
cbsnyt,7,9158,0,FL,HS,45to64,0,1,836
cbsnyt,7,9158,1,IN,Bacc,30to44,1,0,558
cbsnyt,7,9158,1,SC,Bacc,45to64,0,0,434
cbsnyt,7,9158,1,NE,HS,65plus,1,0,895
cbsnyt,7,9158,0,MA,Bacc,30to44,0,0,708
cbsnyt,7,9158,1,AZ,HS,45to64,0,0,1171
cbsnyt,7,9158,1,OH,Bacc,45to64,1,0,696
cbsnyt,7,9158,1,MD,HS,18to29,1,0,1101
cbsnyt,7,9158,1,TN,HS,45to64,0,0,1049
cbsnyt,7,9158,1,PA,HS,30to44,1,0,1208
cbsnyt,7,9158,0,DE,SomeColl,45to64,1,0,676
cbsnyt,7,9158,1,CA,HS,30to44,1,0,441
cbsnyt,7,9158,0,IA,HS,18to29,1,0,560
cbsnyt,7,9158,0,MN,HS,45to64,0,0,1068
cbsnyt,7,9158,0,NC,SomeColl,18to29,1,0,906
cbsnyt,7,9158,0,OH,HS,18to29,1,0,1120
cbsnyt,7,9158,0,FL,HS,65plus,1,0,880
cbsnyt,7,9158,0,MN,Bacc,30to44,1,0,279
cbsnyt,7,9158,1,WA,Bacc,18to29,1,0,727
cbsnyt,7,9158,0,CA,Bacc,30to44,1,0,612
cbsnyt,7,9158,0,MN,HS,18to29,1,0,1120
cbsnyt,7,9158,0,CO,HS,18to29,1,0,1843
cbsnyt,7,9158,1,NY,NoHS,30to44,1,0,921
cbsnyt,7,9158,0,FL,Bacc,30to44,0,0,695
cbsnyt,7,9158,1,AZ,Bacc,65plus,0,0,441
cbsnyt,7,9158,0,CA,Bacc,30to44,0,0,1552
cbsnyt,7,9158,1,ND,SomeColl,30to44,0,0,384
cbsnyt,7,9158,1,IN,Bacc,45to64,1,0,1044
cbsnyt,7,9158,1,CA,Bacc,18to29,0,0,461
cbsnyt,7,9158,1,CA,NoHS,30to44,1,0,2019
cbsnyt,7,9158,0,MT,HS,30to44,1,0,1324
cbsnyt,7,9158,1,WV,HS,18to29,0,0,2094
cbsnyt,7,9158,NA,CA,Bacc,65plus,0,0,882
cbsnyt,7,9158,1,MO,Bacc,30to44,0,0,707
cbsnyt,7,9158,1,CA,Bacc,18to29,1,0,1091
cbsnyt,7,9158,1,WA,SomeColl,30to44,0,0,842
cbsnyt,7,9158,0,NE,HS,65plus,0,0,1136
cbsnyt,7,9158,1,CA,SomeColl,30to44,1,0,498
cbsnyt,7,9158,1,CA,Bacc,30to44,1,0,612
cbsnyt,7,9158,1,KS,SomeColl,18to29,0,0,585
cbsnyt,7,9158,1,WA,SomeColl,18to29,0,0,1283
cbsnyt,7,9158,0,IL,HS,45to64,1,0,842
cbsnyt,7,9158,1,WA,HS,30to44,0,0,1119
cbsnyt,7,9158,0,NY,Bacc,30to44,0,0,708
cbsnyt,7,9158,NA,OR,HS,45to64,0,0,1171
cbsnyt,7,9158,0,NE,Bacc,30to44,1,0,558
cbsnyt,7,9158,0,CA,HS,18to29,0,0,1169
cbsnyt,7,9158,1,CA,HS,45to64,1,0,924
cbsnyt,7,9158,1,WA,SomeColl,30to44,1,0,332
cbsnyt,7,9158,0,CA,HS,18to29,1,0,1229
cbsnyt,7,9158,0,CA,SomeColl,18to29,1,0,2024
cbsnyt,7,9158,0,SD,HS,30to44,0,0,510
cbsnyt,7,9158,0,CA,NoHS,65plus,0,0,2950
cbsnyt,7,9158,0,CA,NoHS,65plus,1,0,1163
cbsnyt,7,9158,0,WA,SomeColl,18to29,0,0,1283
cbsnyt,7,9158,0,WI,HS,18to29,0,0,1420
cbsnyt,7,9158,0,CA,SomeColl,45to64,0,0,1436
cbsnyt,7,9158,0,CA,Bacc,30to44,0,0,1164
cbsnyt,7,9158,0,NM,Bacc,30to44,1,0,1835
cbsnyt,7,9158,1,CA,Bacc,30to44,0,0,776
cbsnyt,7,9158,0,WA,HS,45to64,1,0,924
cbsnyt,7,9158,0,CA,HS,30to44,0,1,3565
cbsnyt,7,9158,1,NM,Bacc,45to64,1,0,764
cbsnyt,7,9158,1,AZ,Bacc,18to29,0,0,461
cbsnyt,7,9158,1,NM,Bacc,45to64,1,0,764
cbsnyt,7,9158,0,GA,SomeColl,18to29,0,0,1724
cbsnyt,7,9158,0,AL,HS,30to44,0,1,1597
cbsnyt,7,9158,0,TX,HS,45to64,1,1,1221
cbsnyt,7,9158,NA,NY,NoHS,45to64,1,0,1075
cbsnyt,7,9158,1,AL,SomeColl,45to64,0,0,1286
cbsnyt,7,9158,1,IN,HS,18to29,1,1,826
cbsnyt,7,9158,1,IN,SomeColl,18to29,1,0,922
cbsnyt,7,9158,1,NC,NoHS,65plus,1,0,2083
cbsnyt,7,9158,0,WA,HS,65plus,1,0,983
cbsnyt,7,9158,0,PA,Bacc,30to44,0,0,708
cbsnyt,7,9158,0,KS,HS,18to29,1,0,560
cbsnyt,7,9158,1,OH,SomeColl,30to44,1,0,605
cbsnyt,7,9158,1,IL,NoHS,45to64,1,0,4296
cbsnyt,7,9158,1,IN,HS,65plus,1,0,895
cbsnyt,7,9158,1,TX,NoHS,30to44,1,0,2712
cbsnyt,7,9158,0,FL,Bacc,45to64,0,0,868
cbsnyt,7,9158,0,CA,HS,45to64,1,0,924
cbsnyt,7,9158,1,NJ,NoHS,65plus,1,0,2122
cbsnyt,7,9158,1,OH,Bacc,18to29,1,0,331
cbsnyt,7,9158,0,IL,HS,45to64,0,1,1700
cbsnyt,7,9158,0,NY,SomeColl,18to29,1,0,1154
cbsnyt,7,9158,0,LA,SomeColl,30to44,1,1,439
cbsnyt,7,9158,0,OH,HS,30to44,0,0,1020
cbsnyt,7,9158,NA,SC,Bacc,65plus,1,0,311
cbsnyt,7,9158,0,FL,Bacc,30to44,1,0,822
cbsnyt,7,9158,0,CT,Bacc,30to44,1,0,279
cbsnyt,7,9158,0,TN,HS,18to29,0,1,1112
cbsnyt,7,9158,0,TX,NoHS,45to64,0,0,2678
cbsnyt,7,9158,0,NM,HS,30to44,1,0,882
cbsnyt,7,9158,0,TX,HS,45to64,0,0,1049
cbsnyt,7,9158,0,TX,Bacc,18to29,1,1,481
cbsnyt,7,9158,0,GA,HS,30to44,1,0,395
cbsnyt,7,9158,0,CA,HS,30to44,1,0,1324
cbsnyt,7,9158,0,FL,Bacc,65plus,0,0,790
cbsnyt,7,9158,0,CA,HS,30to44,0,0,1119
cbsnyt,7,9158,0,CA,HS,30to44,0,0,1119
cbsnyt,7,9158,0,CA,HS,18to29,1,0,1229
cbsnyt,7,9158,0,MI,SomeColl,18to29,0,0,1169
cbsnyt,7,9158,0,MD,NoHS,30to44,0,0,2294
cbsnyt,7,9158,0,MI,HS,18to29,1,1,826
cbsnyt,7,9158,0,CA,NoHS,18to29,1,0,1229
cbsnyt,7,9158,0,IL,NoHS,65plus,0,0,2688
cbsnyt,7,9158,0,NC,NoHS,45to64,0,0,2678
cbsnyt,7,9158,0,NJ,HS,18to29,1,0,1121
cbsnyt,7,9158,0,NJ,HS,30to44,1,0,1208
cbsnyt,7,9158,0,CA,NoHS,30to44,1,0,1009
cbsnyt,7,9158,0,KS,Bacc,18to29,1,0,331
cbsnyt,7,9158,0,CA,NoHS,18to29,1,0,614
cbsnyt,7,9158,0,PA,Bacc,45to64,0,0,884
cbsnyt,7,9158,0,FL,Bacc,30to44,0,0,695
cbsnyt,7,9158,1,AL,SomeColl,30to44,1,0,595
cbsnyt,7,9158,0,MA,HS,65plus,0,0,568
cbsnyt,7,9158,0,NY,NoHS,65plus,1,0,2122
cbsnyt,7,9158,NA,WA,NoHS,65plus,1,0,1163
cbsnyt,7,9158,NA,NC,Bacc,65plus,1,0,311
cbsnyt,7,9158,0,NE,NoHS,65plus,1,0,1060
cbsnyt,7,9158,1,PA,HS,45to64,1,0,843
cbsnyt,7,9158,1,CT,Bacc,65plus,1,0,317
cbsnyt,7,9158,1,AL,HS,18to29,1,1,1624
cbsnyt,7,9158,1,TN,HS,30to44,1,0,790
cbsnyt,7,9158,1,OH,Bacc,45to64,0,0,883
cbsnyt,7,9158,1,ND,SomeColl,30to44,0,0,768
cbsnyt,7,9158,1,AZ,SomeColl,30to44,0,0,211
cbsnyt,7,9158,0,FL,SomeColl,30to44,1,0,595
cbsnyt,7,9158,1,WA,Bacc,45to64,0,0,969
cbsnyt,7,9158,1,NY,Bacc,45to64,0,0,884
cbsnyt,7,9158,1,WA,HS,18to29,1,0,1229
cbsnyt,7,9158,1,IL,SomeColl,30to44,1,0,605
cbsnyt,7,9158,1,IN,NoHS,65plus,0,0,2688
cbsnyt,7,9158,NA,TN,HS,30to44,1,0,198
cbsnyt,7,9158,NA,PA,HS,65plus,0,0,1137
cbsnyt,7,9158,1,TX,HS,30to44,0,0,2005
cbsnyt,7,9158,1,PA,Bacc,18to29,0,0,1262
cbsnyt,7,9158,1,IN,Bacc,45to64,0,0,883
cbsnyt,7,9158,0,TX,Bacc,30to44,1,0,548
cbsnyt,7,9158,NA,IL,NoHS,65plus,1,0,1060
cbsnyt,7,9158,0,LA,SomeColl,45to64,1,1,499
cbsnyt,7,9158,NA,FL,HS,65plus,1,0,440
cbsnyt,7,9158,0,NY,HS,18to29,1,1,2481
cbsnyt,7,9158,0,CA,HS,30to44,1,0,882
cbsnyt,7,9158,0,TX,SomeColl,30to44,0,0,1132
cbsnyt,7,9158,1,TX,Bacc,30to44,1,0,548
cbsnyt,7,9158,1,MI,Bacc,30to44,0,0,354
cbsnyt,7,9158,1,CA,Bacc,45to64,0,0,969
cbsnyt,7,9158,0,CA,SomeColl,30to44,0,0,842
cbsnyt,7,9158,0,MS,NoHS,65plus,1,0,2083
cbsnyt,7,9158,0,NY,HS,45to64,0,0,1069
cbsnyt,7,9158,0,CA,HS,18to29,0,0,1558
cbsnyt,7,9158,1,TX,NoHS,45to64,1,0,2111
cbsnyt,7,9158,1,MS,HS,45to64,1,0,1241
cbsnyt,7,9158,1,FL,SomeColl,65plus,1,0,354
cbsnyt,7,9158,1,MS,NoHS,45to64,0,0,2678
cbsnyt,7,9158,1,TX,Bacc,45to64,0,0,868
cbsnyt,7,9158,1,OR,NoHS,65plus,1,0,1163
cbsnyt,7,9158,1,WI,SomeColl,65plus,0,0,457
cbsnyt,7,9158,1,CA,HS,30to44,0,0,1119
cbsnyt,7,9158,1,OH,NoHS,45to64,0,0,2724
cbsnyt,7,9158,1,IN,SomeColl,30to44,0,0,1151
cbsnyt,7,9158,1,WA,Bacc,30to44,1,0,612
cbsnyt,7,9158,1,FL,Bacc,65plus,1,0,311
cbsnyt,7,9158,0,WV,HS,65plus,1,0,880
cbsnyt,7,9158,1,CA,SomeColl,45to64,1,0,755
cbsnyt,7,9158,1,AZ,HS,65plus,0,0,1246
cbsnyt,7,9158,0,NC,HS,65plus,0,0,1116
cbsnyt,7,9158,1,WI,SomeColl,65plus,0,0,914
cbsnyt,7,9158,1,TX,Bacc,30to44,1,0,274
cbsnyt,7,9158,1,IL,NoHS,30to44,1,0,1840
cbsnyt,7,9158,1,MS,Bacc,65plus,1,0,623
cbsnyt,7,9158,1,CA,Bacc,45to64,1,0,1146
cbsnyt,7,9158,1,VA,SomeColl,45to64,0,0,1286
cbsnyt,7,9158,NA,DC,HS,18to29,1,1,1624
cbsnyt,7,9158,NA,NE,HS,18to29,1,0,1120
cbsnyt,7,9158,NA,LA,NoHS,30to44,1,0,1808
cbsnyt,7,9158,NA,NY,SomeColl,18to29,0,0,1171
cbsnyt,7,9158,NA,PA,NoHS,18to29,0,0,1422
cbsnyt,7,9158,NA,MA,Bacc,30to44,0,0,1416
cbsnyt,7,9158,NA,CT,HS,18to29,1,0,1121
cbsnyt,7,9158,NA,NJ,NoHS,65plus,1,0,3183
cbsnyt,7,9158,NA,GA,NoHS,45to64,0,0,2678
cbsnyt,7,9158,NA,KY,HS,30to44,1,1,1166
cbsnyt,7,9158,NA,LA,NoHS,18to29,0,1,1112
cbsnyt,7,9158,NA,NY,HS,45to64,1,0,843
cbsnyt,7,9158,NA,NJ,HS,30to44,1,0,805
cbsnyt,7,9158,0,PA,HS,30to44,1,0,805
cbsnyt,7,9158,0,PA,Bacc,30to44,1,0,558
cbsnyt,7,9158,1,NC,Bacc,45to64,1,0,684
cbsnyt,7,9158,0,TX,Bacc,65plus,1,0,311
cbsnyt,7,9158,1,TX,SomeColl,30to44,1,0,595
cbsnyt,7,9158,1,ME,NoHS,30to44,0,0,3504
cbsnyt,7,9158,0,NM,SomeColl,18to29,1,0,1012
cbsnyt,7,9158,0,TX,NoHS,30to44,1,1,1334
cbsnyt,7,9158,0,WA,SomeColl,65plus,0,0,1003
cbsnyt,7,9158,0,VA,NoHS,30to44,1,0,3617
cbsnyt,7,9158,1,VA,NoHS,18to29,1,0,1101
cbsnyt,7,9158,1,GA,HS,18to29,1,0,1101
cbsnyt,7,9158,1,TX,HS,30to44,1,0,395
cbsnyt,7,9158,1,AR,Bacc,45to64,1,0,684
cbsnyt,7,9158,0,ME,SomeColl,65plus,0,0,915
cbsnyt,7,9158,0,NY,HS,30to44,1,0,805
cbsnyt,7,9158,0,PA,HS,30to44,1,0,403
cbsnyt,7,9158,0,PA,Bacc,30to44,0,0,708
cbsnyt,7,9158,0,NJ,HS,18to29,1,0,3362
cbsnyt,7,9158,0,ME,HS,45to64,0,0,1069
cbsnyt,7,9158,1,NY,Bacc,65plus,0,0,402
cbsnyt,7,9158,1,NJ,SomeColl,18to29,1,0,462
cbsnyt,7,9158,0,NY,SomeColl,30to44,1,0,303
cbsnyt,7,9158,0,NY,HS,18to29,1,0,1121
cbsnyt,7,9158,0,PA,HS,45to64,1,0,843
cbsnyt,7,9158,NA,PA,SomeColl,65plus,1,0,722
cbsnyt,7,9158,0,NY,NoHS,45to64,1,0,2150
cbsnyt,7,9158,0,PA,HS,18to29,0,0,1422
cbsnyt,7,9158,0,NY,Bacc,30to44,0,1,564
cbsnyt,7,9158,0,PA,HS,45to64,0,0,534
cbsnyt,7,9158,0,NJ,Bacc,30to44,1,0,558
cbsnyt,7,9158,0,PA,SomeColl,30to44,1,0,606
cbsnyt,7,9158,0,NJ,HS,65plus,0,0,1137
cbsnyt,7,9158,0,MA,NoHS,65plus,1,0,5304
cbsnyt,7,9158,0,CT,NoHS,18to29,0,1,2264
cbsnyt,7,9158,0,NY,HS,30to44,1,0,805
cbsnyt,7,9158,1,FL,SomeColl,65plus,1,0,709
cbsnyt,7,9158,1,NY,HS,30to44,1,0,805
cbsnyt,7,9158,0,NY,NoHS,45to64,0,1,4343
cbsnyt,7,9158,0,PA,HS,30to44,1,0,805
cbsnyt,7,9158,0,NY,HS,45to64,1,0,1264
cbsnyt,7,9158,0,PA,SomeColl,30to44,1,0,303
cbsnyt,7,9158,1,VT,NoHS,45to64,0,0,2727
cbsnyt,7,9158,0,NY,HS,18to29,0,1,1132
cbsnyt,7,9158,0,NY,Bacc,65plus,0,0,805
cbsnyt,7,9158,1,KS,Bacc,65plus,1,0,634
cbsnyt,7,9158,1,NY,HS,45to64,1,0,1264
cbsnyt,7,9158,1,PA,Bacc,65plus,1,0,317
cbsnyt,7,9158,1,KY,HS,30to44,0,0,1003
cbsnyt,7,9158,1,NJ,HS,18to29,1,0,560
cbsnyt,7,9158,1,NJ,SomeColl,18to29,0,0,2341
cbsnyt,7,9158,1,CT,SomeColl,45to64,1,0,516
cbsnyt,7,9158,0,PA,NoHS,65plus,0,0,2691
cbsnyt,7,9158,0,PA,NoHS,65plus,0,0,1346
cbsnyt,7,9158,0,NY,Bacc,30to44,1,0,279
cbsnyt,7,9158,0,NY,SomeColl,65plus,1,1,1065
cbsnyt,7,9158,1,FL,SomeColl,30to44,0,0,566
cbsnyt,7,9158,1,OH,HS,65plus,1,0,1263
cbsnyt,7,9158,0,NJ,NoHS,65plus,1,0,3183
cbsnyt,7,9158,1,PA,SomeColl,65plus,0,0,915
cbsnyt,7,9158,NA,LA,SomeColl,30to44,0,0,755
cbsnyt,7,9158,1,MN,Bacc,30to44,1,0,558
cbsnyt,7,9158,NA,MI,HS,18to29,1,0,1120
cbsnyt,7,9158,0,CT,Bacc,30to44,1,0,558
cbsnyt,7,9158,0,MN,HS,18to29,1,0,1120
cbsnyt,7,9158,1,PA,Bacc,45to64,1,0,697
cbsnyt,7,9158,1,VA,SomeColl,30to44,0,0,755
cbsnyt,7,9158,1,IL,Bacc,30to44,1,0,558
cbsnyt,7,9158,1,MI,SomeColl,30to44,0,0,768
cbsnyt,7,9158,1,SD,HS,30to44,1,0,804
cbsnyt,7,9158,0,MN,SomeColl,65plus,0,0,457
cbsnyt,7,9158,0,MI,Bacc,30to44,0,0,707
cbsnyt,7,9158,0,WI,HS,65plus,0,0,1136
cbsnyt,7,9158,1,PA,HS,18to29,1,0,1121
cbsnyt,7,9158,0,OH,Bacc,30to44,1,0,558
cbsnyt,7,9158,1,MI,HS,45to64,1,0,842
cbsnyt,7,9158,1,PA,SomeColl,18to29,1,0,462
cbsnyt,7,9158,1,CT,HS,30to44,1,0,403
cbsnyt,7,9158,1,NC,SomeColl,45to64,1,0,1352
cbsnyt,7,9158,1,NY,Bacc,30to44,0,0,354
cbsnyt,7,9158,1,MI,HS,30to44,1,0,1206
cbsnyt,7,9158,1,MI,HS,30to44,1,0,804
cbsnyt,7,9158,0,MN,Bacc,30to44,1,0,558
cbsnyt,7,9158,1,FL,SomeColl,18to29,1,0,906
cbsnyt,7,9158,1,IL,Bacc,30to44,0,0,707
cbsnyt,7,9158,0,TX,HS,30to44,1,0,790
cbsnyt,7,9158,0,OH,NoHS,65plus,1,0,1060
cbsnyt,7,9158,0,NJ,HS,18to29,0,0,711
cbsnyt,7,9158,0,IL,SomeColl,18to29,1,1,680
cbsnyt,7,9158,1,IL,Bacc,18to29,1,0,1326
cbsnyt,7,9158,1,NC,HS,18to29,0,0,1396
cbsnyt,7,9158,1,NC,HS,18to29,1,0,1101
cbsnyt,7,9158,1,OH,HS,45to64,1,0,842
cbsnyt,7,9158,0,WI,SomeColl,45to64,0,0,872
cbsnyt,7,9158,1,PA,HS,30to44,0,0,1021
cbsnyt,7,9158,1,MN,Bacc,30to44,1,0,558
cbsnyt,7,9158,1,MI,HS,18to29,1,0,1679
cbsnyt,7,9158,0,MO,HS,65plus,1,0,448
cbsnyt,7,9158,1,WI,SomeColl,30to44,0,0,384
cbsnyt,7,9158,1,GA,NoHS,30to44,1,0,1808
cbsnyt,7,9158,1,KS,SomeColl,30to44,1,0,908
cbsnyt,7,9158,1,MO,HS,30to44,1,0,804
cbsnyt,7,9158,1,OH,HS,30to44,0,0,1020
cbsnyt,7,9158,1,MI,HS,18to29,1,0,1120
cbsnyt,7,9158,0,IL,Bacc,45to64,0,0,883
cbsnyt,7,9158,1,IN,NoHS,45to64,1,0,1074
cbsnyt,7,9158,1,FL,SomeColl,18to29,1,0,453
cbsnyt,7,9158,0,CT,SomeColl,30to44,1,0,303
cbsnyt,7,9158,0,MI,SomeColl,30to44,0,0,1151
cbsnyt,7,9158,0,WI,HS,18to29,1,1,1652
cbsnyt,7,9158,NA,TN,HS,45to64,1,0,1241
cbsnyt,7,9158,0,OH,HS,65plus,1,0,448
cbsnyt,7,9158,1,GA,SomeColl,18to29,1,0,906
cbsnyt,7,9158,0,WI,HS,65plus,0,0,1136
cbsnyt,7,9158,0,FL,HS,18to29,1,0,1101
cbsnyt,7,9158,0,AL,HS,45to64,1,1,2442
cbsnyt,7,9158,0,IL,Bacc,30to44,0,0,707
cbsnyt,7,9158,0,AL,SomeColl,30to44,0,0,755
cbsnyt,7,9158,1,FL,SomeColl,65plus,0,0,899
cbsnyt,7,9158,1,OK,HS,30to44,0,1,2395
cbsnyt,7,9158,1,TX,HS,65plus,1,0,440
cbsnyt,7,9158,1,IA,SomeColl,65plus,1,0,721
cbsnyt,7,9158,0,MO,SomeColl,30to44,0,1,1222
cbsnyt,7,9158,0,DE,HS,30to44,1,1,583
cbsnyt,7,9158,0,MD,HS,18to29,1,1,1624
cbsnyt,7,9158,0,MI,Bacc,18to29,0,0,841
cbsnyt,7,9158,1,IL,HS,45to64,1,0,421
cbsnyt,7,9158,1,OH,HS,18to29,0,0,2840
cbsnyt,7,9158,1,NC,HS,18to29,1,0,1651
cbsnyt,7,9158,0,NY,HS,30to44,1,0,403
cbsnyt,7,9158,1,OH,HS,45to64,1,0,842
cbsnyt,7,9158,1,MO,SomeColl,18to29,0,0,585
cbsnyt,7,9158,1,TX,Bacc,45to64,0,0,868
cbsnyt,7,9158,NA,AL,Bacc,45to64,1,0,684
cbsnyt,7,9158,1,OH,SomeColl,30to44,0,0,768
cbsnyt,7,9158,1,FL,Bacc,30to44,0,0,695
cbsnyt,7,9158,1,FL,SomeColl,30to44,0,0,755
cbsnyt,7,9158,1,FL,SomeColl,30to44,1,0,595
cbsnyt,7,9158,1,IL,HS,45to64,1,0,842
cbsnyt,7,9158,1,WI,HS,30to44,1,0,804
cbsnyt,7,9158,1,KY,HS,30to44,0,0,1003
cbsnyt,7,9158,1,NC,HS,30to44,1,0,790
cbsnyt,7,9158,1,IL,HS,45to64,0,0,1068
cbsnyt,7,9158,1,WI,SomeColl,18to29,1,0,461
cbsnyt,7,9158,1,NY,Bacc,30to44,1,0,558
cbsnyt,7,9158,1,PA,SomeColl,18to29,1,0,462
cbsnyt,7,9158,NA,WI,HS,65plus,1,0,448
cbsnyt,7,9158,1,VA,SomeColl,45to64,0,0,1286
cbsnyt,7,9158,0,MS,HS,30to44,0,1,2395
cbsnyt,7,9158,0,FL,SomeColl,65plus,0,0,899
cbsnyt,7,9158,0,GA,Bacc,30to44,1,1,809
cbsnyt,7,9158,1,LA,Bacc,30to44,1,0,548
cbsnyt,7,9158,1,TX,SomeColl,18to29,1,0,906
cbsnyt,7,9158,0,MD,Bacc,65plus,0,0,790
cbsnyt,7,9158,0,WI,HS,30to44,1,0,402
cbsnyt,7,9158,1,TX,SomeColl,65plus,0,0,449
cbsnyt,7,9158,1,TN,NoHS,45to64,0,1,4265
cbsnyt,7,9158,1,MI,HS,18to29,1,0,1120
cbsnyt,7,9158,1,MI,HS,18to29,0,0,2130
cbsnyt,7,9158,0,TX,HS,45to64,1,1,610
cbsnyt,7,9158,0,FL,HS,18to29,1,0,1101
cbsnyt,7,9158,0,TX,SomeColl,18to29,1,0,1360
cbsnyt,7,9158,1,IN,NoHS,65plus,1,0,1060
cbsnyt,7,9158,1,FL,NoHS,65plus,1,0,1042
cbsnyt,7,9158,1,MO,HS,45to64,1,0,842
cbsnyt,7,9158,0,IN,SomeColl,65plus,0,0,914
cbsnyt,7,9158,1,FL,SomeColl,65plus,1,0,354
cbsnyt,7,9158,1,TX,HS,18to29,0,0,1047
cbsnyt,7,9158,1,TX,SomeColl,45to64,1,0,676
cbsnyt,7,9158,0,GA,HS,45to64,1,0,827
cbsnyt,7,9158,0,MI,HS,18to29,0,1,3392
cbsnyt,7,9158,0,NC,HS,18to29,0,1,3335
cbsnyt,7,9158,0,TN,SomeColl,30to44,1,1,878
cbsnyt,7,9158,1,TX,HS,45to64,0,0,1049
cbsnyt,7,9158,1,TN,Bacc,30to44,0,0,695
cbsnyt,7,9158,1,MI,SomeColl,30to44,0,0,1151
cbsnyt,7,9158,1,KY,HS,30to44,0,0,1003
cbsnyt,7,9158,1,NY,HS,45to64,0,0,1069
cbsnyt,7,9158,1,MI,HS,45to64,1,0,1263
cbsnyt,7,9158,1,OH,HS,65plus,0,0,1704
cbsnyt,7,9158,1,MS,SomeColl,30to44,1,0,297
cbsnyt,7,9158,1,WV,HS,65plus,1,0,880
cbsnyt,7,9158,0,LA,Bacc,30to44,0,1,554
cbsnyt,7,9158,0,ND,Bacc,45to64,0,0,883
cbsnyt,7,9158,0,AR,SomeColl,65plus,1,0,354
cbsnyt,7,9158,1,OH,HS,45to64,0,0,1068
cbsnyt,7,9158,1,OH,SomeColl,65plus,1,0,1081
cbsnyt,7,9158,1,LA,HS,45to64,1,0,1655
cbsnyt,7,9158,1,PA,Bacc,18to29,1,0,664
cbsnyt,7,9158,0,TX,HS,45to64,1,1,1221
cbsnyt,7,9158,0,TN,HS,30to44,1,0,790
cbsnyt,7,9158,0,MI,HS,30to44,0,0,1020
cbsnyt,7,9158,0,LA,HS,30to44,0,1,1597
cbsnyt,7,9158,0,MI,HS,18to29,1,0,560
cbsnyt,7,9158,1,MS,SomeColl,30to44,1,0,595
cbsnyt,7,9158,NA,GA,HS,45to64,0,1,836
cbsnyt,7,9158,1,TN,Bacc,45to64,0,0,868
cbsnyt,7,9158,1,VA,SomeColl,30to44,1,0,892
cbsnyt,7,9158,NA,MO,HS,65plus,1,0,895
cbsnyt,7,9158,0,MN,SomeColl,30to44,1,0,605
cbsnyt,7,9158,0,MI,Bacc,30to44,0,0,707
cbsnyt,7,9158,0,TX,SomeColl,30to44,0,1,1202
cbsnyt,7,9158,0,MD,HS,18to29,0,1,3335
cbsnyt,7,9158,1,LA,SomeColl,18to29,0,0,1150
cbsnyt,7,9158,1,MT,HS,30to44,0,0,1679
cbsnyt,7,9158,1,TX,HS,45to64,0,0,1049
cbsnyt,7,9158,0,VA,HS,30to44,1,0,790
cbsnyt,7,9158,1,CA,SomeColl,65plus,0,0,1003
cbsnyt,7,9158,1,FL,HS,18to29,0,0,2792
cbsnyt,7,9158,1,TX,SomeColl,18to29,0,0,1150
cbsnyt,7,9158,0,IA,Bacc,65plus,1,0,634
cbsnyt,7,9158,1,MI,SomeColl,30to44,0,0,384
cbsnyt,7,9158,1,CA,Bacc,30to44,0,0,776
cbsnyt,7,9158,1,WA,SomeColl,18to29,0,0,1925
cbsnyt,7,9158,1,FL,SomeColl,65plus,1,0,354
cbsnyt,7,9158,1,CT,HS,18to29,0,0,2132
cbsnyt,7,9158,1,CA,HS,18to29,1,0,1229
cbsnyt,7,9158,1,FL,HS,65plus,1,0,440
cbsnyt,7,9158,0,CA,HS,65plus,0,0,1246
cbsnyt,7,9158,0,TX,HS,30to44,1,0,790
cbsnyt,7,9158,NA,TX,NoHS,65plus,1,0,2083
cbsnyt,7,9158,0,MN,HS,30to44,1,0,804
cbsnyt,7,9158,1,KS,HS,18to29,1,0,560
cbsnyt,7,9158,0,IL,SomeColl,30to44,0,0,768
cbsnyt,7,9158,0,WA,SomeColl,30to44,1,1,980
cbsnyt,7,9158,1,CO,SomeColl,45to64,0,0,957
cbsnyt,7,9158,1,UT,SomeColl,18to29,0,0,1283
cbsnyt,7,9158,1,FL,HS,45to64,0,0,1049
cbsnyt,7,9158,1,KY,NoHS,45to64,0,0,4017
cbsnyt,7,9158,1,OH,SomeColl,65plus,1,0,721
cbsnyt,7,9158,0,CA,HS,45to64,1,0,924
cbsnyt,7,9158,0,WA,HS,65plus,1,0,983
cbsnyt,7,9158,1,MI,Bacc,45to64,1,0,696
cbsnyt,7,9158,0,KS,NoHS,65plus,1,0,1060
cbsnyt,7,9158,0,CO,HS,45to64,1,0,924
cbsnyt,7,9158,0,CA,SomeColl,45to64,0,0,957
cbsnyt,7,9158,0,MN,SomeColl,45to64,1,0,688
cbsnyt,7,9158,NA,TX,Bacc,30to44,1,0,274
cbsnyt,7,9158,0,AZ,HS,30to44,0,0,1119
cbsnyt,7,9158,0,IA,HS,30to44,1,0,402
cbsnyt,7,9158,0,DE,HS,65plus,1,0,880
cbsnyt,7,9158,0,CA,Bacc,45to64,1,0,764
cbsnyt,7,9158,0,FL,NoHS,65plus,1,0,2083
cbsnyt,7,9158,0,MD,HS,45to64,0,1,1671
cbsnyt,7,9158,0,NM,HS,30to44,1,0,882
cbsnyt,7,9158,NA,AZ,Bacc,30to44,0,0,776
cbsnyt,7,9158,1,CA,NoHS,18to29,1,0,1229
cbsnyt,7,9158,0,TX,Bacc,18to29,1,0,652
cbsnyt,7,9158,1,CA,Bacc,30to44,1,0,306
cbsnyt,7,9158,1,FL,Bacc,30to44,1,0,548
cbsnyt,7,9158,1,NM,SomeColl,30to44,1,0,332
cbsnyt,7,9158,1,CA,HS,18to29,1,0,1229
cbsnyt,7,9158,1,WV,Bacc,65plus,1,0,623
cbsnyt,7,9158,0,IN,HS,30to44,0,0,1020
cbsnyt,7,9158,0,WI,HS,45to64,1,0,1263
cbsnyt,7,9158,1,CA,SomeColl,30to44,1,0,664
cbsnyt,7,9158,1,GA,Bacc,30to44,1,0,548
cbsnyt,7,9158,1,AL,NoHS,65plus,1,0,1042
cbsnyt,7,9158,0,WI,NoHS,18to29,0,0,1420
cbsnyt,7,9158,NA,IN,HS,30to44,0,0,510
cbsnyt,7,9158,1,OH,Bacc,18to29,0,1,669
cbsnyt,7,9158,0,WA,Bacc,45to64,1,0,1146
cbsnyt,7,9158,0,AZ,HS,30to44,1,0,441
cbsnyt,7,9158,1,NM,Bacc,65plus,1,0,695
cbsnyt,7,9158,1,NY,NoHS,18to29,1,1,827
cbsnyt,7,9158,NA,NJ,SomeColl,18to29,0,0,1171
cbsnyt,7,9158,1,FL,HS,30to44,0,1,1597
cbsnyt,7,9158,1,WA,NoHS,18to29,1,0,614
cbsnyt,7,9158,0,OR,HS,30to44,0,0,1119
cbsnyt,7,9158,1,CO,Bacc,30to44,0,0,776
cbsnyt,7,9158,NA,CA,HS,18to29,0,0,1169
cbsnyt,7,9158,0,KY,Bacc,65plus,1,0,311
cbsnyt,7,9158,NA,OR,HS,65plus,1,0,491
cbsnyt,7,9158,0,PA,HS,30to44,0,0,511
cbsnyt,7,9158,0,OR,HS,18to29,1,0,614
cbsnyt,7,9158,0,NY,NoHS,45to64,0,0,2727
cbsnyt,7,9158,0,NM,NoHS,18to29,1,0,1229
cbsnyt,7,9158,0,CA,NoHS,18to29,0,0,1558
cbsnyt,7,9158,0,NY,HS,18to29,1,0,1121
cbsnyt,7,9158,0,AR,HS,18to29,1,0,1101
cbsnyt,7,9158,1,IN,HS,45to64,1,0,421
cbsnyt,7,9158,1,MI,Bacc,18to29,1,0,331
cbsnyt,7,9158,0,CA,Bacc,18to29,1,0,727
cbsnyt,7,9158,0,MN,Bacc,45to64,0,0,1325
cbsnyt,7,9158,0,MI,Bacc,18to29,0,0,841
cbsnyt,7,9158,0,PA,HS,45to64,1,0,843
cbsnyt,7,9158,0,WI,Bacc,65plus,1,0,317
cbsnyt,7,9158,1,MO,HS,45to64,1,0,631
cbsnyt,7,9158,1,MI,Bacc,45to64,0,0,883
cbsnyt,7,9158,NA,NC,SomeColl,45to64,1,0,676
cbsnyt,7,9158,1,DE,SomeColl,18to29,0,0,1724
cbsnyt,7,9158,NA,NY,Bacc,18to29,0,0,842
cbsnyt,7,9158,NA,RI,Bacc,65plus,1,0,317
cbsnyt,7,9158,1,NV,SomeColl,45to64,0,0,479
cbsnyt,7,9158,0,TX,SomeColl,18to29,1,0,906
cbsnyt,7,9158,0,KY,HS,18to29,0,0,1396
cbsnyt,7,9158,0,TX,Bacc,45to64,0,0,868
cbsnyt,7,9158,1,IA,HS,45to64,0,0,1068
cbsnyt,7,9158,0,IN,HS,30to44,0,0,1020
cbsnyt,7,9158,NA,OH,Bacc,30to44,1,0,558
cbsnyt,7,9158,1,WI,SomeColl,30to44,0,0,768
cbsnyt,7,9158,1,NY,SomeColl,45to64,1,1,508
cbsnyt,7,9158,1,VA,SomeColl,30to44,1,0,297
cbsnyt,7,9158,1,OH,Bacc,18to29,0,0,420
cbsnyt,7,9158,1,NY,SomeColl,18to29,1,0,923
cbsnyt,7,9158,1,VA,Bacc,30to44,1,0,548
cbsnyt,7,9158,1,TX,HS,45to64,1,0,414
cbsnyt,7,9158,1,CO,SomeColl,18to29,1,0,1012
cbsnyt,7,9158,1,NJ,SomeColl,18to29,0,1,2797
cbsnyt,7,9158,1,IL,NoHS,65plus,1,0,1060
cbsnyt,7,9158,1,CA,NoHS,65plus,0,0,1475
cbsnyt,7,9158,1,NJ,HS,18to29,1,0,1681
cbsnyt,7,9158,NA,MA,SomeColl,30to44,1,0,606
cbsnyt,7,9158,0,VA,Bacc,45to64,0,0,1736
cbsnyt,7,9158,1,TX,SomeColl,30to44,0,0,377
cbsnyt,7,9158,1,AZ,SomeColl,45to64,0,0,957
cbsnyt,7,9158,1,CA,SomeColl,30to44,1,0,332
cbsnyt,7,9158,0,GA,SomeColl,18to29,0,0,1150
cbsnyt,7,9158,0,CA,HS,18to29,1,0,1229
cbsnyt,7,9158,0,OR,HS,30to44,1,0,882
cbsnyt,7,9158,0,MO,HS,18to29,1,0,1120
cbsnyt,7,9158,1,OH,HS,65plus,1,0,895
cbsnyt,7,9158,1,CO,SomeColl,30to44,1,0,996
cbsnyt,7,9158,1,CA,SomeColl,30to44,1,0,664
cbsnyt,7,9158,1,NJ,Bacc,30to44,0,0,354
cbsnyt,7,9158,1,FL,SomeColl,30to44,0,0,189
cbsnyt,7,9158,1,NJ,HS,18to29,0,0,1422
cbsnyt,7,9158,1,NY,HS,65plus,0,0,568
cbsnyt,7,9158,1,CA,SomeColl,30to44,0,0,421
cbsnyt,7,9158,1,MI,HS,65plus,1,0,448
cbsnyt,7,9158,0,NY,SomeColl,45to64,1,0,344
cbsnyt,7,9158,0,ME,HS,18to29,1,0,1121
cbsnyt,7,9158,0,IN,HS,30to44,1,0,402
cbsnyt,7,9158,1,MO,HS,45to64,1,0,421
cbsnyt,7,9158,1,CA,SomeColl,30to44,0,0,421
cbsnyt,7,9158,0,WA,SomeColl,30to44,0,0,211
cbsnyt,7,9158,0,GA,HS,30to44,1,0,790
cbsnyt,7,9158,1,TN,Bacc,30to44,1,0,822
cbsnyt,7,9158,0,NY,SomeColl,45to64,1,0,689
cbsnyt,7,9158,1,CT,HS,45to64,0,0,1069
cbsnyt,7,9158,1,ME,HS,18to29,1,0,560
cbsnyt,7,9158,1,PA,HS,30to44,1,0,805
cbsnyt,7,9158,0,WV,NoHS,65plus,0,0,2642
cbsnyt,7,9158,1,NV,SomeColl,45to64,1,0,377
cbsnyt,7,9158,NA,MA,HS,65plus,0,0,1137
cbsnyt,7,9158,0,PA,NoHS,45to64,1,0,2150
cbsnyt,7,9158,1,CA,SomeColl,18to29,1,0,1012
cbsnyt,7,9158,0,AZ,SomeColl,30to44,1,0,332
cbsnyt,7,9158,0,IA,HS,18to29,1,0,1120
cbsnyt,7,9158,1,WA,SomeColl,45to64,1,0,377
cbsnyt,7,9158,0,CA,HS,30to44,1,1,1302
cbsnyt,7,9158,1,MA,HS,65plus,1,0,448
cbsnyt,7,9158,1,CT,Bacc,18to29,1,0,664
cbsnyt,7,9158,1,SC,SomeColl,18to29,1,0,906
cbsnyt,7,9158,1,FL,Bacc,30to44,1,0,548
cbsnyt,7,9158,1,CT,SomeColl,30to44,1,0,909
cbsnyt,7,9158,0,FL,SomeColl,30to44,1,0,595
cbsnyt,7,9158,0,OH,HS,30to44,0,0,1020
cbsnyt,7,9158,0,NY,HS,30to44,0,0,511
cbsnyt,7,9158,1,PA,Bacc,30to44,0,0,708
cbsnyt,7,9158,1,NJ,HS,30to44,1,0,403
cbsnyt,7,9158,1,WI,HS,18to29,1,0,1120
cbsnyt,7,9158,0,MO,Bacc,45to64,1,0,696
cbsnyt,7,9158,0,MI,Bacc,45to64,1,1,1027
cbsnyt,7,9158,1,NJ,SomeColl,30to44,0,0,384
cbsnyt,7,9158,0,WV,SomeColl,30to44,1,0,595
cbsnyt,7,9158,0,MO,HS,30to44,0,0,1020
cbsnyt,7,9158,1,TX,Bacc,65plus,1,0,467
cbsnyt,7,9158,NA,TN,HS,45to64,1,0,827
cbsnyt,7,9158,NA,KY,SomeColl,18to29,1,0,1360
cbsnyt,7,9158,NA,PA,NoHS,45to64,1,0,4300
cbsnyt,7,9158,0,WI,SomeColl,30to44,0,0,768
cbsnyt,7,9158,1,ME,HS,45to64,1,0,843
cbsnyt,7,9158,1,VA,Bacc,18to29,1,0,652
cbsnyt,7,9158,0,CA,SomeColl,30to44,1,0,996
cbsnyt,7,9158,0,FL,HS,30to44,0,0,1003
cbsnyt,7,9158,1,CA,NoHS,18to29,1,0,614
cbsnyt,7,9158,1,PA,SomeColl,18to29,1,0,1385
cbsnyt,7,9158,0,MI,Bacc,30to44,0,0,707
cbsnyt,7,9158,1,WI,Bacc,30to44,0,0,707
cbsnyt,7,9158,1,MA,SomeColl,30to44,1,0,303
cbsnyt,7,9158,1,IL,HS,30to44,0,0,1020
cbsnyt,7,9158,1,ME,NoHS,65plus,1,0,1061
cbsnyt,7,9158,1,VA,HS,30to44,1,0,1186
cbsnyt,7,9158,1,TX,NoHS,65plus,1,0,1042
cbsnyt,7,9158,1,AL,HS,30to44,0,0,1504
cbsnyt,7,9158,1,GA,HS,18to29,0,0,698
cbsnyt,7,9158,NA,TX,HS,30to44,1,0,395
cbsnyt,7,9158,1,CA,SomeColl,18to29,1,0,1012
cbsnyt,7,9158,1,MI,SomeColl,18to29,1,0,461
cbsnyt,7,9158,1,TN,HS,45to64,0,0,1049
cbsnyt,7,9158,1,PA,HS,45to64,1,0,1264
cbsnyt,7,9158,1,TX,HS,30to44,0,0,1003
cbsnyt,7,9158,1,VA,NoHS,45to64,0,0,4017
cbsnyt,7,9158,0,NC,Bacc,30to44,0,0,695
cbsnyt,7,9158,1,MI,SomeColl,30to44,0,0,768
cbsnyt,7,9158,1,VA,SomeColl,65plus,1,0,709
cbsnyt,7,9158,1,IN,HS,30to44,1,0,804
cbsnyt,7,9158,0,NY,SomeColl,18to29,1,0,923
cbsnyt,7,9158,0,PA,Bacc,30to44,0,0,354
cbsnyt,7,9158,1,NM,HS,45to64,1,0,924
cbsnyt,7,9158,0,CA,HS,18to29,0,0,3116
cbsnyt,7,9158,0,NY,NoHS,30to44,1,0,921
cbsnyt,7,9158,1,LA,SomeColl,30to44,1,0,595
cbsnyt,7,9158,1,OK,Bacc,45to64,1,0,342
cbsnyt,7,9158,1,GA,HS,30to44,1,0,790
cbsnyt,7,9158,0,MI,HS,30to44,0,1,1624
cbsnyt,7,9158,0,KY,NoHS,30to44,0,0,2294
cbsnyt,7,9158,1,FL,Bacc,30to44,1,0,548
cbsnyt,7,9158,1,CA,HS,18to29,1,0,1229
cbsnyt,7,9158,1,CA,Bacc,30to44,0,0,194
cbsnyt,7,9158,1,WV,HS,18to29,0,1,2223
cbsnyt,7,9158,1,MI,NoHS,65plus,1,0,1060
cbsnyt,7,9158,1,UT,HS,65plus,1,0,491
cbsnyt,7,9158,0,WA,HS,45to64,1,0,924
cbsnyt,7,9158,0,IN,HS,18to29,1,0,1120
cbsnyt,7,9158,0,SD,HS,30to44,0,0,1020
cbsnyt,7,9158,1,PA,SomeColl,45to64,0,0,655
cbsnyt,7,9158,1,MD,SomeColl,45to64,0,0,429
cbsnyt,7,9158,0,FL,Bacc,45to64,0,0,868
cbsnyt,7,9158,1,FL,HS,30to44,0,0,1504
cbsnyt,7,9158,0,LA,HS,30to44,1,1,1166
cbsnyt,7,9158,0,CT,Bacc,30to44,1,0,279
cbsnyt,7,9158,0,PA,HS,30to44,1,0,403
cbsnyt,7,9158,1,NY,SomeColl,30to44,0,0,576
cbsnyt,7,9158,1,OH,Bacc,45to64,0,0,883
cbsnyt,7,9158,0,OK,SomeColl,45to64,1,0,338
cbsnyt,7,9158,1,KS,Bacc,30to44,1,0,558
cbsnyt,7,9158,1,KS,Bacc,30to44,0,0,707
cbsnyt,7,9158,1,NY,HS,30to44,1,0,1208
cbsnyt,7,9158,1,OK,Bacc,45to64,0,0,434
cbsnyt,7,9158,1,AZ,HS,45to64,1,0,924
cbsnyt,7,9158,1,FL,NoHS,65plus,1,0,3125
cbsnyt,7,9158,0,MD,SomeColl,18to29,0,0,1150
cbsnyt,7,9158,0,NC,HS,45to64,1,0,827
cbsnyt,7,9158,0,IL,Bacc,30to44,1,1,823
cbsnyt,7,9158,0,IN,NoHS,45to64,1,0,2148
cbsnyt,7,9158,1,MA,Bacc,30to44,1,0,558
cbsnyt,7,9158,1,NE,SomeColl,18to29,0,0,1169
cbsnyt,7,9158,1,OH,SomeColl,30to44,1,0,605
cbsnyt,7,9158,NA,MN,HS,18to29,1,0,560
cbsnyt,7,9158,0,MD,Bacc,30to44,1,0,274
cbsnyt,7,9158,NA,NJ,SomeColl,30to44,0,0,384
cbsnyt,7,9158,NA,TN,HS,65plus,1,0,440
cbsnyt,7,9158,1,AL,Bacc,65plus,1,0,311
cbsnyt,7,9158,1,PA,SomeColl,18to29,1,0,462
cbsnyt,7,9158,1,TX,Bacc,18to29,1,0,652
cbsnyt,7,9158,0,NC,HS,30to44,1,1,583
cbsnyt,7,9158,0,MD,SomeColl,45to64,1,0,676
cbsnyt,7,9158,1,CO,SomeColl,30to44,0,0,842
cbsnyt,7,9158,0,MD,Bacc,30to44,1,1,809
cbsnyt,7,9158,1,KS,HS,30to44,1,0,804
cbsnyt,7,9158,0,PA,Bacc,30to44,0,0,708
cbsnyt,7,9158,0,IL,HS,30to44,1,0,804
cbsnyt,7,9158,1,OH,Bacc,45to64,0,0,883
cbsnyt,7,9158,1,OH,HS,18to29,1,0,1120
cbsnyt,7,9158,NA,LA,HS,65plus,1,0,880
cbsnyt,7,9158,NA,MO,SomeColl,30to44,0,0,384
cbsnyt,7,9158,NA,TN,HS,18to29,1,0,1101
cbsnyt,7,9158,1,CA,HS,45to64,0,0,1171
cbsnyt,7,9158,1,IL,HS,18to29,1,0,560
cbsnyt,7,9158,1,OH,SomeColl,18to29,1,0,1383
cbsnyt,7,9158,1,CA,SomeColl,18to29,1,0,1012
cbsnyt,7,9158,1,MN,Bacc,30to44,1,0,279
cbsnyt,7,9158,1,MS,Bacc,18to29,0,0,1240
cbsnyt,7,9158,0,TX,SomeColl,18to29,0,0,1150
cbsnyt,7,9158,0,IL,SomeColl,30to44,1,1,893
cbsnyt,7,9158,0,IL,SomeColl,30to44,1,0,605
cbsnyt,7,9158,1,AZ,HS,45to64,1,0,924
cbsnyt,7,9158,1,IN,HS,45to64,1,0,421
cbsnyt,7,9158,1,CA,HS,30to44,1,0,221
cbsnyt,7,9158,1,AL,HS,45to64,1,0,827
cbsnyt,7,9158,1,AL,HS,18to29,0,1,1112
cbsnyt,7,9158,1,TX,Bacc,30to44,1,0,274
cbsnyt,7,9158,1,MS,HS,30to44,0,0,501
cbsnyt,7,9158,1,IA,Bacc,30to44,1,0,279
cbsnyt,7,9158,0,IL,Bacc,18to29,1,0,663
cbsnyt,7,9158,0,MT,SomeColl,45to64,1,0,755
cbsnyt,7,9158,1,MS,Bacc,30to44,1,0,822
cbsnyt,7,9158,1,WA,SomeColl,45to64,0,0,479
cbsnyt,7,9158,1,WI,NoHS,18to29,0,0,2840
cbsnyt,7,9158,1,AR,HS,45to64,1,0,827
cbsnyt,7,9158,1,IL,NoHS,18to29,1,0,1120
cbsnyt,7,9158,0,MO,Bacc,30to44,1,0,279
cbsnyt,7,9158,0,LA,HS,30to44,1,0,395
cbsnyt,7,9158,0,MO,NoHS,65plus,0,0,1344
cbsnyt,7,9158,1,AL,HS,18to29,0,0,1396
cbsnyt,7,9158,1,MS,Bacc,30to44,0,0,1043
cbsnyt,7,9158,1,TN,NoHS,30to44,0,0,2294
cbsnyt,7,9158,0,TX,HS,45to64,1,0,827
cbsnyt,7,9158,NA,MO,HS,30to44,1,0,603
cbsnyt,7,9158,0,WI,SomeColl,45to64,0,0,872
cbsnyt,7,9158,0,AZ,HS,45to64,1,0,924
cbsnyt,7,9158,1,MN,Bacc,30to44,1,0,279
cbsnyt,7,9158,NA,TN,Bacc,45to64,1,0,342
cbsnyt,7,9158,1,TX,Bacc,45to64,0,0,868
cbsnyt,7,9158,1,AL,HS,30to44,0,0,1003
cbsnyt,7,9158,1,IL,SomeColl,45to64,1,0,344
cbsnyt,7,9158,1,CA,HS,45to64,1,0,924
cbsnyt,7,9158,1,CA,HS,18to29,1,0,3071
cbsnyt,7,9158,1,UT,SomeColl,65plus,0,0,1003
cbsnyt,7,9158,1,WY,SomeColl,30to44,0,0,842
cbsnyt,7,9158,1,CA,SomeColl,45to64,1,0,377
cbsnyt,7,9158,1,UT,HS,30to44,1,0,882
cbsnyt,7,9158,1,WA,SomeColl,30to44,0,0,842
cbsnyt,7,9158,1,CA,Bacc,30to44,0,0,776
cbsnyt,7,9158,1,AZ,Bacc,65plus,0,0,882
cbsnyt,7,9158,0,MT,HS,30to44,1,0,1324
cbsnyt,7,9158,0,CA,HS,45to64,1,0,1385
cbsnyt,7,9158,0,OR,Bacc,30to44,1,0,612
cbsnyt,7,9158,1,CA,Bacc,45to64,1,0,382
cbsnyt,7,9158,0,CA,NoHS,45to64,0,0,2989
cbsnyt,7,9158,1,CA,HS,65plus,0,0,1246
cbsnyt,7,9158,1,CA,SomeColl,30to44,1,0,332
cbsnyt,7,9158,NA,CA,SomeColl,18to29,1,1,746
cbsnyt,7,9158,NA,WA,HS,30to44,1,0,882
cbsnyt,7,9158,NA,CA,NoHS,18to29,0,0,1558
cbsnyt,7,9158,1,CA,Bacc,65plus,1,0,348
cbsnyt,7,9158,0,CA,Bacc,18to29,1,0,727
cbsnyt,7,9158,0,NM,HS,45to64,1,0,924
cbsnyt,7,9158,0,CA,Bacc,18to29,0,0,461
cbsnyt,7,9158,1,CO,SomeColl,18to29,1,0,506
cbsnyt,7,9158,NA,CA,HS,30to44,0,0,1119
cbsnyt,7,9158,1,NV,Bacc,18to29,0,0,923
cbsnyt,7,9158,0,CA,SomeColl,30to44,1,0,332
cbsnyt,7,9158,1,AZ,HS,45to64,1,0,924
cbsnyt,7,9158,1,CA,SomeColl,18to29,1,0,1012
cbsnyt,7,9158,0,CA,HS,30to44,0,0,1119
cbsnyt,7,9158,0,CA,SomeColl,45to64,1,1,1114
cbsnyt,7,9158,NA,WA,Bacc,65plus,0,0,441
